대지위치,시군구코드,법정동코드,대지구분코드,번,지,대장종류코드명,도로명대지위치,건물명,동명칭,대지면적(㎡),건축면적(㎡),건폐율(%),용적률(%),구조코드명,주용도코드명,기타용도,지상층수,지하층수
경상남도 양산시 교동 5번지,48330,11000,0,0005,0000,일반건축물,경상남도 양산시 유산공단3길 24 (교동),,E동,0,4299.65,0,0,철근콘크리트구조,공장,공장,1,0
경상남도 양산시 교동 5번지,48330,11000,0,0005,0000,일반건축물,경상남도 양산시 유산공단3길 24 (교동),,G동,0,49.2,0,0,블록구조,공장,공장(창고),1,0
경상남도 양산시 교동 5번지,48330,11000,0,0005,0000,일반건축물,경상남도 양산시 유산공단3길 24 (교동),,D동,0,92.31,0,0,기타조적구조,공장,수위실,1,0
경상남도 양산시 교동 5번지,48330,11000,0,0005,0000,일반건축물,경상남도 양산시 유산공단3길 24 (교동),,F동,0,32.4,0,0,블록구조,공장,공장(위험물저장소),1,0
경상남도 양산시 교동 5번지,48330,11000,0,0005,0000,일반건축물,경상남도 양산시 유산공단3길 24 (교동),,B동,0,5926.53,0,0,일반철골구조,공장,공장,1,0
경상남도 양산시 교동 5번지,48330,11000,0,0005,0000,일반건축물,경상남도 양산시 유산공단3길 24 (교동),,C동,0,324,0,0,철근콘크리트구조,공장,"보일러실,창고",1,1
경상남도 양산시 교동 5번지,48330,11000,0,0005,0000,일반건축물,경상남도 양산시 유산공단3길 24 (교동),,A동,0,428.12,0,0,철근콘크리트구조,공장,"보일러실,식당,숙소",2,1
경상남도 양산시 교동 5-1번지,48330,11000,0,0005,0001,일반건축물,경상남도 양산시 유산공단3길 24 (교동),,F동,0,715,0,0,일반철골구조,공장,창고,1,0
경상남도 양산시 교동 5-1번지,48330,11000,0,0005,0001,일반건축물,경상남도 양산시 유산공단3길 24 (교동),,C동,0,1743.75,0,0,철근콘크리트구조,공장,공장,2,0
경상남도 양산시 교동 5-1번지,48330,11000,0,0005,0001,일반건축물,경상남도 양산시 유산공단3길 24 (교동),,G동,0,1690.51,0,0,일반철골구조,공장,공장,1,0
경상남도 양산시 교동 5-1번지,48330,11000,0,0005,0001,일반건축물,경상남도 양산시 유산공단3길 24 (교동),,B동,0,1911.3,0,0,철근콘크리트구조,공장,공장,3,0
경상남도 양산시 교동 5-1번지,48330,11000,0,0005,0001,일반건축물,경상남도 양산시 유산공단3길 24 (교동),,D동,0,115.4,0,0,철근콘크리트구조,공장,수위실,2,0
경상남도 양산시 교동 5-1번지,48330,11000,0,0005,0001,일반건축물,경상남도 양산시 유산공단3길 24 (교동),,A동,0,2482.41,0,0,철근콘크리트구조,공장,공장,1,0
경상남도 양산시 교동 9-27번지,48330,11000,0,0009,0027,일반건축물,경상남도 양산시 유산공단4길 47-48 (교동),,"1동(주1),2동(주2)",0,1632.99,0,0,철근콘크리트구조,공장,공장,3,0
경상남도 양산시 교동 9-27번지,48330,11000,0,0009,0027,일반건축물,경상남도 양산시 유산공단4길 47-48 (교동),,3동,0,86,0,0,벽돌구조,공장,"공장(용해실,보일러실,샤워실)",1,0
경상남도 양산시 교동 9-27번지,48330,11000,0,0009,0027,일반건축물,경상남도 양산시 유산공단4길 47-48 (교동),,4동,0,16,0,0,블록구조,공장,공장(냉각수기계실),1,0
경상남도 양산시 교동 9-27번지,48330,11000,0,0009,0027,일반건축물,경상남도 양산시 유산공단4길 47-48 (교동),,5동,0,16,0,0,블록구조,공장,공장(펌프실),1,0
경상남도 양산시 교동 9-27번지,48330,11000,0,0009,0027,일반건축물,경상남도 양산시 유산공단4길 47-48 (교동),,7동,0,402.6,0,0,일반철골구조,공장,공장,1,0
경상남도 양산시 교동 9-27번지,48330,11000,0,0009,0027,일반건축물,경상남도 양산시 유산공단4길 47-48 (교동),,6동,0,135.84,0,0,철근콘크리트구조,공장,공장(휴게실),1,0
경상남도 양산시 교동 33번지,48330,11000,0,0033,0000,일반건축물,경상남도 양산시 유산공단3길 37 (교동),,B-1동,0,361.5,0,0,철근콘크리트구조,공장,공장(사무실),3,0
경상남도 양산시 교동 33번지,48330,11000,0,0033,0000,일반건축물,경상남도 양산시 유산공단3길 37 (교동),,B동,0,9402.43,0,0,일반철골구조,공장,공장,3,0
경상남도 양산시 교동 33번지,48330,11000,0,0033,0000,일반건축물,경상남도 양산시 유산공단3길 37 (교동),,F동,0,319.48,0,0,철근콘크리트구조,공장,공장(주차장),1,0
경상남도 양산시 교동 33번지,48330,11000,0,0033,0000,일반건축물,경상남도 양산시 유산공단3길 37 (교동),,D동,0,39.52,0,0,철근콘크리트구조,공장,공장(경비실),1,0
경상남도 양산시 교동 33번지,48330,11000,0,0033,0000,일반건축물,경상남도 양산시 유산공단3길 37 (교동),,G동,0,64.88,0,0,철근콘크리트구조,공장,공장(펌프실),1,0
경상남도 양산시 교동 33번지,48330,11000,0,0033,0000,일반건축물,경상남도 양산시 유산공단3길 37 (교동),,A동,0,2011.51,0,0,철근콘크리트구조,공장,공장,2,0
경상남도 양산시 교동 33번지,48330,11000,0,0033,0000,일반건축물,경상남도 양산시 유산공단3길 37 (교동),,C동,0,180,0,0,철근콘크리트구조,공장,"공장(사무실,숙소,식당)",4,0
경상남도 양산시 교동 37번지,48330,11000,0,0037,0000,일반건축물,경상남도 양산시 유산공단3길 29-20 (교동),목본수지,,713.16,377.74,52.97,52.92,일반철골구조,공장,"공해공장,위험물저장및처리시설",1,0
경상남도 양산시 교동 46번지,48330,11000,0,0046,0000,일반건축물,경상남도 양산시 유산공단3길 29-32 (교동),,,1322,795.06,60.14,126.63,일반철골구조,공장,공장,4,0
경상남도 양산시 교동 47번지,48330,11000,0,0047,0000,일반건축물,경상남도 양산시 유산공단3길 29-24 (교동),,,0,288,0,0,경량철골구조,공장,공장,1,0
경상남도 양산시 교동 49번지,48330,11000,0,0049,0000,일반건축물,경상남도 양산시 유산공단3길 33 (교동),,,0,287.48,0,0,일반철골구조,공장,공장,2,0
경상남도 양산시 교동 49번지,48330,11000,0,0049,0000,일반건축물,경상남도 양산시 유산공단3길 33 (교동),,,0,387,0,0,일반철골구조,공장,공장,2,0
경상남도 양산시 교동 52번지,48330,11000,0,0052,0000,일반건축물,경상남도 양산시 유산공단3길 33 (교동),,,990,640.92,64.74,156.6,일반철골구조,공장,공장,3,0
경상남도 양산시 교동 52-2번지,48330,11000,0,0052,0002,일반건축물,경상남도 양산시 유산공단3길 29-12 (교동),,,999,561.8,56.24,140.24,철근콘크리트구조,공장,공장,3,1
경상남도 양산시 교동 53-2번지,48330,11000,0,0053,0002,일반건축물,경상남도 양산시 유산공단3길 29-5 (교동),,,981,387.5,39.5,50.35,철근콘크리트구조,공장,공장,2,0
경상남도 양산시 교동 53-3번지,48330,11000,0,0053,0003,일반건축물,경상남도 양산시 유산공단3길 29-11 (교동),,,677,416.27,61.49,94.8,철근콘크리트구조,자동차관련시설,"자동차관련시설, 근린생활시설",2,1
경상남도 양산시 교동 53-6번지,48330,11000,0,0053,0006,일반건축물,경상남도 양산시 유산공단3길 29-15 (교동),,,862,493.5,57.25,72.32,일반철골구조,공장,공장,2,0
경상남도 양산시 교동 70번지,48330,11000,0,0070,0000,일반건축물,경상남도 양산시 유산공단3길 15 (교동),,,6314,2685.45,42.53,62.59,철근콘크리트구조,공장,"공장, 위험물저장,처리시설",3,0
경상남도 양산시 교동 72번지,48330,11000,0,0072,0000,일반건축물,경상남도 양산시 유산공단3길 15-1 (교동),,,9899,2913.81,29.44,35.11,철근콘크리트구조,공장,공장,3,1
경상남도 양산시 교동 78번지,48330,11000,0,0078,0000,일반건축물,,,,0,112.4,0,0,블록구조,단독주택,주택,1,0
경상남도 양산시 교동 91번지,48330,11000,0,0091,0000,일반건축물,경상남도 양산시 유산공단2길 14 (교동),,A동,13548,5343.21,39.8,65.33,철근콘크리트구조,공장,공장,3,1
경상남도 양산시 교동 91번지,48330,11000,0,0091,0000,일반건축물,경상남도 양산시 유산공단2길 14 (교동),,F동,0,343,0,0,철근콘크리트구조,공장,"공장(창고,기숙사)",2,0
경상남도 양산시 교동 91번지,48330,11000,0,0091,0000,일반건축물,경상남도 양산시 유산공단2길 14 (교동),,H동,0,450,0,0,경량철골구조,공장,공장(창고),1,0
경상남도 양산시 교동 91번지,48330,11000,0,0091,0000,일반건축물,경상남도 양산시 유산공단2길 14 (교동),,C동,0,89.12,0,0,철근콘크리트구조,공장,공장(경비실),1,0
경상남도 양산시 교동 91번지,48330,11000,0,0091,0000,일반건축물,경상남도 양산시 유산공단2길 14 (교동),,G동,0,150,0,0,강파이프구조,공장,공장(창고),1,0
경상남도 양산시 교동 91번지,48330,11000,0,0091,0000,일반건축물,경상남도 양산시 유산공단2길 14 (교동),,B동,0,0,0,0,철근콘크리트구조,공장,공장(쓰레기하치장),0,1
경상남도 양산시 교동 114-2번지,48330,11000,0,0114,0002,일반건축물,경상남도 양산시 유산공단2길 19-1 (교동),,,0,17.6,0,0,기타조적구조,공장,펌프실,1,0
경상남도 양산시 교동 114-2번지,48330,11000,0,0114,0002,일반건축물,경상남도 양산시 유산공단2길 19-1 (교동),1동,,10819,3856.45,35.65,53.3,철근콘크리트구조,공장,공장,2,0
경상남도 양산시 교동 114-3번지,48330,11000,0,0114,0003,일반건축물,경상남도 양산시 유산공단2길 19 (교동),,6동,0,37.88,0,0,기타강구조,공장,공장(차고),1,0
경상남도 양산시 교동 114-3번지,48330,11000,0,0114,0003,일반건축물,경상남도 양산시 유산공단2길 19 (교동),,4동,8262,83.2,1.01,1,경량철골구조,공장,공장(창고),1,0
경상남도 양산시 교동 114-3번지,48330,11000,0,0114,0003,일반건축물,경상남도 양산시 유산공단2길 19 (교동),,5동,0,113.65,0,0,일반철골구조,공장,공장(창고),1,0
경상남도 양산시 교동 114-3번지,48330,11000,0,0114,0003,일반건축물,경상남도 양산시 유산공단2길 19 (교동),,7동,0,200,0,0,일반철골구조,공장,공장(창고),1,0
경상남도 양산시 교동 114-3번지,48330,11000,0,0114,0003,일반건축물,경상남도 양산시 유산공단2길 19 (교동),,2동,8262,38.66,0.47,0.5,철근콘크리트구조,공장,공장(경비실),1,0
경상남도 양산시 교동 114-3번지,48330,11000,0,0114,0003,일반건축물,경상남도 양산시 유산공단2길 19 (교동),,3동,8262,1573.4,19.04,50.8,일반철골구조,공장,공장(창고),3,0
경상남도 양산시 교동 114-3번지,48330,11000,0,0114,0003,일반건축물,경상남도 양산시 유산공단2길 19 (교동),,1동,8262,4034.63,48.83,99.62,철근콘크리트구조,공장,공장,2,1
경상남도 양산시 교동 117번지,48330,11000,0,0117,0000,일반건축물,경상남도 양산시 유산공단2길 38 (교동),,,0,285.92,0,0,철근콘크리트구조,공장,,1,0
경상남도 양산시 교동 117번지,48330,11000,0,0117,0000,일반건축물,경상남도 양산시 유산공단2길 38 (교동),동서기계(주),,6178,2896.46,46.88,81.91,일반철골구조,공장,공장,2,0
경상남도 양산시 교동 117-7번지,48330,11000,0,0117,0007,일반건축물,경상남도 양산시 유산공단2길 37-1 (교동),,A동,0,138.8,0,0,철근콘크리트구조,공장,공장,3,0
경상남도 양산시 교동 117-7번지,48330,11000,0,0117,0007,일반건축물,경상남도 양산시 유산공단2길 37-1 (교동),,B동,0,1078.96,0,0,일반철골구조,공장,공장,1,0
경상남도 양산시 교동 117-8번지,48330,11000,0,0117,0008,일반건축물,경상남도 양산시 유산공단2길 37 (교동),,,1178,527,44.74,77.16,일반철골구조,공장,"공장, 위험물저장및처리시설",2,0
경상남도 양산시 교동 117-8번지,48330,11000,0,0117,0008,일반건축물,경상남도 양산시 유산공단2길 37 (교동),,,0,143,0,0,일반철골구조,공장,,3,0
경상남도 양산시 교동 117-10번지,48330,11000,0,0117,0010,일반건축물,경상남도 양산시 유산공단2길 43 (교동),,,2432,713.03,29.32,38.38,일반철골구조,공장,일반공장,2,0
경상남도 양산시 교동 117-11번지,48330,11000,0,0117,0011,일반건축물,경상남도 양산시 유산공단2길 41 (교동),,,1159.45,606.43,53.19,62.57,일반철골구조,공장,공장,2,0
경상남도 양산시 교동 132-4번지,48330,11000,0,0132,0004,일반건축물,경상남도 양산시 충렬로 71 (교동),,,0,56.16,0,0,철근콘크리트구조,공장,,2,0
경상남도 양산시 교동 132-4번지,48330,11000,0,0132,0004,일반건축물,경상남도 양산시 충렬로 71 (교동),,,0,452.16,0,0,철근콘크리트구조,공장,공장,1,0
경상남도 양산시 교동 147-1번지,48330,11000,0,0147,0001,일반건축물,경상남도 양산시 충렬로 61 (교동),,32동,0,435.3,0,0,일반철골구조,공장,공장(창고),1,0
경상남도 양산시 교동 147-1번지,48330,11000,0,0147,0001,일반건축물,경상남도 양산시 충렬로 61 (교동),,47동,0,14,0,0,기타강구조,공장,공장(보일러실),1,0
경상남도 양산시 교동 147-1번지,48330,11000,0,0147,0001,일반건축물,경상남도 양산시 충렬로 61 (교동),,49동,0,162,0,0,경량철골구조,공장,공장(창고),1,0
경상남도 양산시 교동 147-1번지,48330,11000,0,0147,0001,일반건축물,,,62동,0,140,0,0,경량철골구조,공장,공장(창고),1,0
경상남도 양산시 교동 147-1번지,48330,11000,0,0147,0001,일반건축물,경상남도 양산시 충렬로 61 (교동),,5동,0,0,0,0,철근콘크리트구조,공장,공장(사무실),5,0
경상남도 양산시 교동 147-1번지,48330,11000,0,0147,0001,일반건축물,경상남도 양산시 충렬로 61 (교동),,39동,0,26.8,0,0,철근콘크리트구조,공장,공장(폐수처리장기계실),2,0
경상남도 양산시 교동 147-1번지,48330,11000,0,0147,0001,일반건축물,경상남도 양산시 충렬로 61 (교동),,34동,0,64.99,0,0,경량철골구조,공장,공장(작업장),1,0
경상남도 양산시 교동 147-1번지,48330,11000,0,0147,0001,일반건축물,경상남도 양산시 충렬로 61 (교동),,23동,0,957.49,0,0,철근콘크리트구조,공장,"공장(창고,사무실), 제1종근린생활시설",2,0
경상남도 양산시 교동 147-1번지,48330,11000,0,0147,0001,일반건축물,경상남도 양산시 유산공단2길 11 (교동),,46동,0,29.2,0,0,기타강구조,공장,공장(CMB공장펌프실),1,0
경상남도 양산시 교동 147-1번지,48330,11000,0,0147,0001,일반건축물,경상남도 양산시 충렬로 61 (교동),,16동,0,39,0,0,기타조적구조,공장,"공장(변소,목욕탕)",2,0
경상남도 양산시 교동 147-1번지,48330,11000,0,0147,0001,일반건축물,경상남도 양산시 충렬로 61 (교동),,주1동 외21동,0,0,0,0,철근콘크리트구조,공장,"공장, 제1종근린생활시설",4,1
경상남도 양산시 교동 147-1번지,48330,11000,0,0147,0001,일반건축물,경상남도 양산시 충렬로 61 (교동),,22동,0,60.72,0,0,철근콘크리트구조,공장,공장(위험물저장소),1,0
경상남도 양산시 교동 147-1번지,48330,11000,0,0147,0001,일반건축물,경상남도 양산시 충렬로 61 (교동),,30동,0,36.8,0,0,기타조적구조,공장,공장(변소),1,0
경상남도 양산시 교동 147-1번지,48330,11000,0,0147,0001,일반건축물,경상남도 양산시 충렬로 61 (교동),,51동,0,149.5,0,0,경량철골구조,공장,공장(창고),1,0
경상남도 양산시 교동 147-1번지,48330,11000,0,0147,0001,일반건축물,경상남도 양산시 충렬로 61 (교동),,48동,0,9.79,0,0,기타조적구조,공장,공장(수위실),1,0
경상남도 양산시 교동 147-1번지,48330,11000,0,0147,0001,일반건축물,경상남도 양산시 충렬로 61 (교동),,38동,0,93.6,0,0,일반철골구조,공장,공장(차고),1,0
경상남도 양산시 교동 147-1번지,48330,11000,0,0147,0001,일반건축물,경상남도 양산시 유산공단2길 11 (교동),,42동,0,76,0,0,기타조적구조,공장,공장(창고),1,0
경상남도 양산시 교동 147-1번지,48330,11000,0,0147,0001,일반건축물,경상남도 양산시 유산공단2길 11 (교동),,45동,0,10.53,0,0,기타강구조,공장,공장(CMB공장펌프실),1,0
경상남도 양산시 교동 147-1번지,48330,11000,0,0147,0001,일반건축물,경상남도 양산시 충렬로 61 (교동),,6동,0,67.53,0,0,기타조적구조,공장,공장(수위실),1,0
경상남도 양산시 교동 147-1번지,48330,11000,0,0147,0001,일반건축물,경상남도 양산시 충렬로 61 (교동),,59동,0,114.375,0,0,경량철골구조,공장,공장(창고),1,0
경상남도 양산시 교동 147-1번지,48330,11000,0,0147,0001,일반건축물,경상남도 양산시 충렬로 61 (교동),,53동,0,234.3,0,0,경량철골구조,공장,공장(창고),1,0
경상남도 양산시 교동 147-1번지,48330,11000,0,0147,0001,일반건축물,경상남도 양산시 충렬로 61 (교동),,29동,0,166.36,0,0,철근콘크리트구조,공장,"공장(전기실,창고,기사대기실)",2,0
경상남도 양산시 교동 147-1번지,48330,11000,0,0147,0001,일반건축물,경상남도 양산시 유산공단2길 11 (교동),,40동,0,4101.21,0,0,기타조적구조,공장,공장,5,0
경상남도 양산시 교동 147-1번지,48330,11000,0,0147,0001,일반건축물,,,61동,0,1455.88,0,0,일반철골구조,공장,공장(주차장),4,0
경상남도 양산시 교동 147-1번지,48330,11000,0,0147,0001,일반건축물,경상남도 양산시 충렬로 61 (교동),,52동,0,375.6,0,0,일반철골구조,공장,공장(창고),1,0
경상남도 양산시 교동 147-1번지,48330,11000,0,0147,0001,일반건축물,경상남도 양산시 충렬로 61 (교동),,35동,0,34.8,0,0,기타조적구조,공장,공장(사무실),1,0
경상남도 양산시 교동 147-1번지,48330,11000,0,0147,0001,일반건축물,경상남도 양산시 충렬로 61 (교동),,57동,0,720.38,0,0,일반철골구조,공장,공장(창고),1,0
경상남도 양산시 교동 147-1번지,48330,11000,0,0147,0001,일반건축물,경상남도 양산시 충렬로 61 (교동),,31동,0,58.5,0,0,철근콘크리트구조,공장,공장(목욕탕),1,0
경상남도 양산시 교동 147-1번지,48330,11000,0,0147,0001,일반건축물,경상남도 양산시 충렬로 61 (교동),,36동,0,45,0,0,경량철골구조,공장,공장(창고),1,0
경상남도 양산시 교동 147-1번지,48330,11000,0,0147,0001,일반건축물,경상남도 양산시 충렬로 61 (교동),,58동,0,43.73,0,0,경량철골구조,공장,공장(기계실),1,0
경상남도 양산시 교동 147-1번지,48330,11000,0,0147,0001,일반건축물,경상남도 양산시 충렬로 61 (교동),,44동,0,39.44,0,0,기타조적구조,공장,공장(위험물저장소),1,0
경상남도 양산시 교동 147-1번지,48330,11000,0,0147,0001,일반건축물,경상남도 양산시 충렬로 61 (교동),,7동,0,129.4,0,0,철근콘크리트구조,공장,공장(컴퓨레샤실),1,0
경상남도 양산시 교동 147-1번지,48330,11000,0,0147,0001,일반건축물,경상남도 양산시 유산공단2길 11 (교동),,54동,0,49.69,0,0,일반철골구조,공장,공장(창고),1,0
경상남도 양산시 교동 147-1번지,48330,11000,0,0147,0001,일반건축물,경상남도 양산시 충렬로 61 (교동),,43동,0,26.46,0,0,일반철골구조,공장,공장(원료이송실),1,0
경상남도 양산시 교동 147-1번지,48330,11000,0,0147,0001,일반건축물,경상남도 양산시 충렬로 61 (교동),,50동,0,15,0,0,기타조적구조,공장,공장(정압기실),1,0
경상남도 양산시 교동 147-1번지,48330,11000,0,0147,0001,일반건축물,경상남도 양산시 충렬로 61 (교동),,60동,79414,62.27,0.08,0.08,경량철골구조,공장,공장,1,0
경상남도 양산시 교동 147-1번지,48330,11000,0,0147,0001,일반건축물,경상남도 양산시 유산공단2길 11 (교동),,55동,0,454.5,0,0,일반철골구조,위험물저장및처리시설,위험물저장및처리시설,1,0
경상남도 양산시 교동 147-1번지,48330,11000,0,0147,0001,일반건축물,경상남도 양산시 유산공단2길 11 (교동),,56동,0,1815.39,0,0,일반철골구조,공장,공장,4,0
경상남도 양산시 교동 147-2번지,48330,11000,0,0147,0002,일반건축물,경상남도 양산시 충렬로 69 (교동),,,4857,2108.6,43.41,47.4,철근콘크리트구조,공장,"공장, 주택",2,0
경상남도 양산시 교동 157-1번지,48330,11000,0,0157,0001,일반건축물,경상남도 양산시 충렬로 27 (교동),,,0,25,0,0,철근콘크리트구조,종교시설,종교시설,1,0
경상남도 양산시 교동 157-11번지,48330,11000,0,0157,0011,일반건축물,경상남도 양산시 충렬로 27 (교동),,,1469,92.16,6.27,6.27,철근콘크리트구조,제2종근린생활시설,제2종근린생활시설,1,0
경상남도 양산시 교동 157-18번지,48330,11000,0,0157,0018,일반건축물,경상남도 양산시 충렬로 27 (교동),,,496,82.46,16.63,16.63,철근콘크리트구조,제1종근린생활시설,제1종근린생활시설,1,0
경상남도 양산시 교동 157-27번지,48330,11000,0,0157,0027,일반건축물,경상남도 양산시 교동5길 9 (교동),,,0,56.2,0,0,블록구조,단독주택,주택,1,0
경상남도 양산시 교동 157-43번지,48330,11000,0,0157,0043,일반건축물,경상남도 양산시 교동5길 13 (교동),,,343,150.98,44.02,28.36,경량철골구조,단독주택,단독주택,1,0
경상남도 양산시 교동 161번지,48330,11000,0,0161,0000,일반건축물,경상남도 양산시 교동4길 4 (교동),,,176.44,63.6,36.04,36.04,기타조적구조,단독주택,"단독주택, 근린생활시설(소매점)",1,0
경상남도 양산시 교동 162번지,48330,11000,0,0162,0000,일반건축물,경상남도 양산시 교동4길 2 (교동),,,0,45.36,0,0,블록구조,단독주택,주택,1,0
경상남도 양산시 교동 163번지,48330,11000,0,0163,0000,일반건축물,경상남도 양산시 교동4길 6-1 (교동),,,0,54.27,0,0,블록구조,단독주택,주택,1,0
경상남도 양산시 교동 163-2번지,48330,11000,0,0163,0002,일반건축물,경상남도 양산시 교동5길 3 (교동),,,187,112.02,59.9,103.64,철근콘크리트구조,제2종근린생활시설,근린생활시설,2,0
경상남도 양산시 교동 164번지,48330,11000,0,0164,0000,일반건축물,경상남도 양산시 교동5길 3 (교동),,,0,51.82,0,0,블록구조,제1종근린생활시설,"근린생활시설, 주택",2,0
경상남도 양산시 교동 165번지,48330,11000,0,0165,0000,일반건축물,경상남도 양산시 교동5길 5 (교동),,,0,115.2,0,0,벽돌구조,단독주택,"주택, 점포",2,0
경상남도 양산시 교동 169번지,48330,11000,0,0169,0000,일반건축물,경상남도 양산시 교동4길 8 (교동),,,0,69.76,0,0,블록구조,단독주택,주택,2,0
경상남도 양산시 교동 171번지,48330,11000,0,0171,0000,일반건축물,경상남도 양산시 교동4길 10-2 (교동),,,0,65.94,0,0,벽돌구조,단독주택,다세대주택,2,0
경상남도 양산시 교동 172-1번지,48330,11000,0,0172,0001,일반건축물,경상남도 양산시 교동4길 10-3 (교동),,,0,49.58,0,0,일반목구조,단독주택,주택,1,0
경상남도 양산시 교동 172-2번지,48330,11000,0,0172,0002,일반건축물,경상남도 양산시 교동4길 10-1 (교동),,,285.17,125.52,44.02,66.74,철근콘크리트구조,교육연구시설,"교육연구및복지시설, 단독주택",2,0
경상남도 양산시 교동 174번지,48330,11000,0,0174,0000,일반건축물,경상남도 양산시 교동5길 9-1 (교동),,제1동,272,44.4,16.32,16.32,경량철골구조,제2종근린생활시설,제2종근린생활시설,1,0
경상남도 양산시 교동 175번지,48330,11000,0,0175,0000,일반건축물,경상남도 양산시 교동5길 33-3 (교동),,,212,47.88,22.58,22.58,블록구조,제2종근린생활시설,제2종근린생활시설,1,0
경상남도 양산시 교동 176번지,48330,11000,0,0176,0000,일반건축물,경상남도 양산시 교동5길 33-1 (교동),,,224,128.43,57.33,157.4,철근콘크리트구조,교육연구시설,"노유자시설, 주택",3,0
경상남도 양산시 교동 177-1번지,48330,11000,0,0177,0001,일반건축물,경상남도 양산시 교동4길 10 (교동),,,0,77.265,0,0,블록구조,단독주택,다세대주택,2,0
경상남도 양산시 교동 177-3번지,48330,11000,0,0177,0003,일반건축물,경상남도 양산시 교동4길 11 (교동),,,258,152.93,59.28,128.76,철근콘크리트구조,단독주택,"제1종근린생활시설,단독주택(다가구)",3,0
경상남도 양산시 교동 179-1번지,48330,11000,0,0179,0001,일반건축물,경상남도 양산시 교동5길 33 (교동),,,0,59.6,0,0,블록구조,단독주택,주택,2,0
경상남도 양산시 교동 181번지,48330,11000,0,0181,0000,일반건축물,경상남도 양산시 교동5길 33-2 (교동),,,0,112.86,0,0,벽돌구조,단독주택,주택,2,0
경상남도 양산시 교동 184번지,48330,11000,0,0184,0000,일반건축물,경상남도 양산시 교동5길 29 (교동),,,343,149.43,43.57,41.7,철근콘크리트구조,단독주택,단독주택,1,0
경상남도 양산시 교동 185번지,48330,11000,0,0185,0000,일반건축물,경상남도 양산시 교동5길 27-2 (교동),,,0,47.4,0,0,블록구조,단독주택,주택,1,0
경상남도 양산시 교동 185번지,48330,11000,0,0185,0000,일반건축물,경상남도 양산시 교동5길 27 (교동),,,0,51.52,0,0,블록구조,단독주택,주택,1,0
경상남도 양산시 교동 185번지,48330,11000,0,0185,0000,일반건축물,경상남도 양산시 교동5길 27-2 (교동),,,0,61.82,0,0,일반목구조,단독주택,주택,1,0
경상남도 양산시 교동 186번지,48330,11000,0,0186,0000,일반건축물,경상남도 양산시 교동5길 30 (교동),,,478,286.49,59.94,137.69,철근콘크리트구조,단독주택,단독주택(다가구),4,0
경상남도 양산시 교동 189번지,48330,11000,0,0189,0000,일반건축물,경상남도 양산시 교동5길 32 (교동),,,0,88.67,0,0,벽돌구조,단독주택,주택,1,0
경상남도 양산시 교동 190번지,48330,11000,0,0190,0000,일반건축물,경상남도 양산시 교동5길 32-1 (교동),,,220,130.87,59.49,175.61,철근콘크리트구조,단독주택,단독주택(다가구),4,0
경상남도 양산시 교동 191번지,48330,11000,0,0191,0000,일반건축물,경상남도 양산시 교동5길 34 (교동),,,0,0,0,0,블록구조,단독주택,"주택, 근린생할",1,0
경상남도 양산시 교동 192-1번지,48330,11000,0,0192,0001,일반건축물,경상남도 양산시 교동5길 36 (교동),,,0,59.5,0,0,블록구조,단독주택,주택,1,0
경상남도 양산시 교동 194번지,48330,11000,0,0194,0000,일반건축물,경상남도 양산시 교동5길 34-5 (교동),,,243,94.05,38.7,38.7,경량철골구조,단독주택,단독주택,1,0
경상남도 양산시 교동 195-1번지,48330,11000,0,0195,0001,일반건축물,경상남도 양산시 교동5길 34-11 (교동),,,0,160.08,0,0,블록구조,단독주택,주택,2,0
경상남도 양산시 교동 195-3번지,48330,11000,0,0195,0003,일반건축물,경상남도 양산시 교동5길 34-7 (교동),,,0,85.63,0,0,블록구조,단독주택,주택,1,0
경상남도 양산시 교동 198-1번지,48330,11000,0,0198,0001,일반건축물,경상남도 양산시 교동1길 12 (교동),양산향교,전사청,0,47.52,0,0,벽돌구조,문화및집회시설,문화및집회시설,1,0
경상남도 양산시 교동 198-1번지,48330,11000,0,0198,0001,일반건축물,경상남도 양산시 교동1길 12 (교동),양산향교,교육관,1434,225.72,15.74,15.74,철근콘크리트구조,문화및집회시설,문화및집회시설,1,0
경상남도 양산시 교동 198-2번지,48330,11000,0,0198,0002,일반건축물,경상남도 양산시 교동1길 10 (교동),양산향교유림회관,,763,179.6,23.54,23.28,철근콘크리트구조,제2종근린생활시설,제2종근린생활시설,1,0
경상남도 양산시 교동 199번지,48330,11000,0,0199,0000,일반건축물,경상남도 양산시 교동1길 22-10 (교동),,,0,42.96,0,0,블록구조,단독주택,주택,1,0
경상남도 양산시 교동 199-1번지,48330,11000,0,0199,0001,일반건축물,경상남도 양산시 교동1길 20-3 (교동),,,0,40,0,0,일반목구조,단독주택,주택,1,0
경상남도 양산시 교동 200번지,48330,11000,0,0200,0000,일반건축물,경상남도 양산시 교동1길 18 (교동),강서동사무소,,0,53.9,0,0,철근콘크리트구조,제1종근린생활시설,제1종근린생활시설,1,0
경상남도 양산시 교동 200번지,48330,11000,0,0200,0000,일반건축물,경상남도 양산시 교동1길 18 (교동),,강서동사무소,980,482.26,49.21,100.61,철근콘크리트구조,제1종근린생활시설,제1종근린생활시설,3,0
경상남도 양산시 교동 203번지,48330,11000,0,0203,0000,일반건축물,,,,0,23.14,0,0,일반목구조,단독주택,주택,1,0
경상남도 양산시 교동 203-1번지,48330,11000,0,0203,0001,일반건축물,경상남도 양산시 교동1길 22-12 (교동),,,0,56.19,0,0,블록구조,단독주택,주택,1,0
경상남도 양산시 교동 203-2번지,48330,11000,0,0203,0002,일반건축물,경상남도 양산시 교동1길 22-29 (교동),,,0,109.98,0,0,블록구조,단독주택,주택,2,0
경상남도 양산시 교동 203-3번지,48330,11000,0,0203,0003,일반건축물,경상남도 양산시 교동1길 28 (교동),,,0,42.97,0,0,블록구조,단독주택,주택,1,0
경상남도 양산시 교동 203-6번지,48330,11000,0,0203,0006,일반건축물,경상남도 양산시 교동1길 26 (교동),,,0,82.5,0,0,블록구조,단독주택,주택,2,0
경상남도 양산시 교동 203-7번지,48330,11000,0,0203,0007,일반건축물,경상남도 양산시 교동1길 24 (교동),,,200,118.8,59.4,141.2,철근콘크리트구조,단독주택,"제1종근린생활시설, 주택",3,0
경상남도 양산시 교동 203-8번지,48330,11000,0,0203,0008,일반건축물,경상남도 양산시 교동1길 22 (교동),,,0,44.96,0,0,블록구조,단독주택,주택,1,0
경상남도 양산시 교동 203-9번지,48330,11000,0,0203,0009,일반건축물,경상남도 양산시 교동1길 20 (교동),,,238,142.02,59.67,95.52,철근콘크리트구조,제1종근린생활시설,"근린생활시설, 단독주택",2,0
경상남도 양산시 교동 203-10번지,48330,11000,0,0203,0010,일반건축물,,,,0,43.2,0,0,블록구조,제1종근린생활시설,근린생활시설,1,0
경상남도 양산시 교동 204-2번지,48330,11000,0,0204,0002,일반건축물,경상남도 양산시 교동1길 21 (교동),,U동,0,288.64,0,0,철근콘크리트구조,교육연구시설,교육연구시설,3,0
경상남도 양산시 교동 204-2번지,48330,11000,0,0204,0002,일반건축물,경상남도 양산시 교동1길 21 (교동),,S동,0,192,0,0,철근콘크리트구조,교육연구시설,교육연구시설,6,0
경상남도 양산시 교동 204-2번지,48330,11000,0,0204,0002,일반건축물,경상남도 양산시 교동1길 21 (교동),,V동,0,26.1,0,0,일반철골구조,교육연구시설,교육연구시설,2,0
경상남도 양산시 교동 204-2번지,48330,11000,0,0204,0002,일반건축물,경상남도 양산시 교동1길 21 (교동),,"A동~C동,F동~R동",0,5577.36,0,0,철근콘크리트구조,교육연구및복지시설,교육연구및복지시설,6,0
경상남도 양산시 교동 207번지,48330,11000,0,0207,0000,일반건축물,경상남도 양산시 교동1길 38 (교동),선타운,,411,223.1,54.28,141.68,철근콘크리트구조,단독주택,단독주택,4,0
경상남도 양산시 교동 207-1번지,48330,11000,0,0207,0001,일반건축물,경상남도 양산시 교동1길 34-1 (교동),,,0,48.15,0,0,블록구조,단독주택,주택,1,0
경상남도 양산시 교동 207-2번지,48330,11000,0,0207,0002,일반건축물,경상남도 양산시 교동1길 34 (교동),,,125,70.8,56.64,145.5,철근콘크리트구조,단독주택,"단독주택, 제2종근린생활시설",3,0
경상남도 양산시 교동 207-3번지,48330,11000,0,0207,0003,일반건축물,경상남도 양산시 교동1길 32-1 (교동),,,0,67.64,0,0,블록구조,단독주택,주택,2,0
경상남도 양산시 교동 207-14번지,48330,11000,0,0207,0014,일반건축물,경상남도 양산시 교동1길 36 (교동),해랑타운,,396,223.1,56.34,146.47,철근콘크리트구조,단독주택,단독주택,4,0
경상남도 양산시 교동 208번지,48330,11000,0,0208,0000,일반건축물,경상남도 양산시 교동1길 46 (교동),,,294,164.69,56.02,141.84,철근콘크리트구조,단독주택,단독주택,4,0
경상남도 양산시 교동 208-3번지,48330,11000,0,0208,0003,일반건축물,경상남도 양산시 교동1길 42 (교동),,,374,197.61,52.84,132.7,철근콘크리트구조,단독주택,단독주택,4,0
경상남도 양산시 교동 209-1번지,48330,11000,0,0209,0001,일반건축물,경상남도 양산시 교동1길 45 (교동),,,0,58.69,0,0,블록구조,단독주택,주택,1,0
경상남도 양산시 교동 209-2번지,48330,11000,0,0209,0002,일반건축물,경상남도 양산시 교동1길 41-3 (교동),,,0,69.32,0,0,블록구조,단독주택,주택,1,0
경상남도 양산시 교동 209-4번지,48330,11000,0,0209,0004,일반건축물,경상남도 양산시 교동1길 39 (교동),,제1동,332,199.02,59.95,182.46,철근콘크리트구조,단독주택,단독주택,4,0
경상남도 양산시 교동 209-5번지,48330,11000,0,0209,0005,일반건축물,경상남도 양산시 교동1길 43 (교동),,,0,78.36,0,0,블록구조,단독주택,주택,1,0
경상남도 양산시 교동 209-7번지,48330,11000,0,0209,0007,일반건축물,경상남도 양산시 교동1길 33-28 (교동),,,525,310.24,59.09,118.19,철근콘크리트구조,제2종근린생활시설,"제1,2종근린생활시설",2,0
경상남도 양산시 교동 210-1번지,48330,11000,0,0210,0001,일반건축물,경상남도 양산시 교동1길 37 (교동),,,0,85.15,0,0,블록구조,단독주택,주택,1,0
경상남도 양산시 교동 210-1번지,48330,11000,0,0210,0001,일반건축물,경상남도 양산시 교동1길 37-1 (교동),,,0,79,0,0,블록구조,단독주택,주택,1,0
경상남도 양산시 교동 210-3번지,48330,11000,0,0210,0003,일반건축물,경상남도 양산시 교동1길 35 (교동),,,0,81.86,0,0,블록구조,단독주택,주택,1,0
경상남도 양산시 교동 210-5번지,48330,11000,0,0210,0005,일반건축물,,,,0,63.24,0,0,블록구조,단독주택,주택,1,0
경상남도 양산시 교동 218-3번지,48330,11000,0,0218,0003,일반건축물,경상남도 양산시 교동3길 7-12 (교동),,,507,242.42,47.81,150.89,철근콘크리트구조,단독주택,"다가구주택,제2종근린생활시설",5,0
경상남도 양산시 교동 221-7번지,48330,11000,0,0221,0007,일반건축물,경상남도 양산시 교동3길 18 (교동),,,264,157.44,59.64,59.64,경량철골구조,제1종근린생활시설,근린생활시설,1,0
경상남도 양산시 교동 221-8번지,48330,11000,0,0221,0008,일반건축물,경상남도 양산시 교동3길 16 (교동),,,332.5,94.2,28.33,25.48,기타조적구조,단독주택,단독주택,1,0
경상남도 양산시 교동 223번지,48330,11000,0,0223,0000,일반건축물,경상남도 양산시 교동1길 15 (교동),,,262,154.7,59.05,188.71,철근콘크리트구조,단독주택,"단독주택(다가구),제1종근린생활시설",4,0
경상남도 양산시 교동 223-3번지,48330,11000,0,0223,0003,일반건축물,경상남도 양산시 교동1길 13 (교동),,,290,173.69,59.89,151.22,철근콘크리트구조,단독주택,단독주택,3,0
경상남도 양산시 교동 223-5번지,48330,11000,0,0223,0005,일반건축물,경상남도 양산시 교동1길 13-2 (교동),,,181.8,80.21,44.11,73.93,기타조적구조,단독주택,"단독주택,제2종근린생활시설",2,0
경상남도 양산시 교동 223-6번지,48330,11000,0,0223,0006,일반건축물,경상남도 양산시 교동1길 13-3 (교동),,,171.96,86.25,50.16,47.28,기타조적구조,단독주택,단독주택,1,0
경상남도 양산시 교동 223-7번지,48330,11000,0,0223,0007,일반건축물,경상남도 양산시 교동1길 13-4 (교동),,,142,73.43,51.71,51.71,철근콘크리트구조,단독주택,단독주택,1,0
경상남도 양산시 교동 224-1번지,48330,11000,0,0224,0001,일반건축물,경상남도 양산시 교동2길 17 (교동),,,269.65,86.76,32.18,32.18,블록구조,제2종근린생활시설,제2종근린생활시설,1,0
경상남도 양산시 교동 225-5번지,48330,11000,0,0225,0005,일반건축물,경상남도 양산시 교동5길 41 (교동),,,136,78.63,57.82,115.63,철근콘크리트구조,제2종근린생활시설,"제1,2종근린생활시설",2,0
경상남도 양산시 교동 226-1번지,48330,11000,0,0226,0001,표제부,경상남도 양산시 교동4길 9-2 (교동),,,0,79.78,0,0,벽돌구조,공동주택,주택,2,0
경상남도 양산시 교동 226-2번지,48330,11000,0,0226,0002,일반건축물,경상남도 양산시 교동5길 39 (교동),,,156.31,92.92,59.45,59.45,경량철골구조,제1종근린생활시설,제1종근린생활시설,1,0
경상남도 양산시 교동 226-5번지,48330,11000,0,0226,0005,일반건축물,경상남도 양산시 교동4길 9-4 (교동),,,223,81.81,36.69,35.58,경량철골구조,제2종근린생활시설,제2종근린생활시설,1,0
경상남도 양산시 교동 226-8번지,48330,11000,0,0226,0008,일반건축물,경상남도 양산시 교동1길 8 (교동),,,0,117.04,0,0,철근콘크리트구조,제1종근린생활시설,"근린생활시설, 주택",2,0
경상남도 양산시 교동 226-12번지,48330,11000,0,0226,0012,일반건축물,경상남도 양산시 교동4길 7 (교동),,,0,164.28,0,0,경량철골구조,제2종근린생활시설,근린생활시설,1,0
경상남도 양산시 교동 226-18번지,48330,11000,0,0226,0018,일반건축물,경상남도 양산시 교동5길 39-1 (교동),,,211,99.99,47.39,47.39,경량철골구조,단독주택,단독주택,1,0
경상남도 양산시 교동 226-19번지,48330,11000,0,0226,0019,일반건축물,경상남도 양산시 교동1길 8-1 (교동),,,0,130,0,0,철근콘크리트구조,제1종근린생활시설,"근린생활시설, 주택",2,0
경상남도 양산시 교동 226-23번지,48330,11000,0,0226,0023,일반건축물,경상남도 양산시 교동4길 7-1 (교동),,,0,127.08,0,0,기타조적구조,단독주택,주택,2,0
경상남도 양산시 교동 226-24번지,48330,11000,0,0226,0024,일반건축물,경상남도 양산시 충렬로 1 (교동),,,1316,151.1,11.48,11.48,경량철골구조,제2종근린생활시설,"제2종근린생활시설, 자동차관련시설",1,0
경상남도 양산시 교동 226-25번지,48330,11000,0,0226,0025,일반건축물,,,,0,328.06,0,0,기타조적구조,제1종근린생활시설,근린생활시설,1,0
경상남도 양산시 교동 226-27번지,48330,11000,0,0226,0027,일반건축물,경상남도 양산시 교동4길 5 (교동),,제1동,654,335.72,51.33,130.42,일반철골구조,제2종근린생활시설,제2종근린생활시설,3,0
경상남도 양산시 교동 226-28번지,48330,11000,0,0226,0028,표제부,경상남도 양산시 교동4길 9 (교동),,제2동,0,71.76,0,0,벽돌구조,공동주택,주택,2,0
경상남도 양산시 교동 226-29번지,48330,11000,0,0226,0029,표제부,경상남도 양산시 교동4길 9-1 (교동),,,0,89.08,0,0,벽돌구조,공동주택,주택,2,0
경상남도 양산시 교동 226-30번지,48330,11000,0,0226,0030,표제부,경상남도 양산시 교동4길 9-3 (교동),,,0,88.17,0,0,벽돌구조,공동주택,주택,2,0
경상남도 양산시 교동 226-59번지,48330,11000,0,0226,0059,일반건축물,경상남도 양산시 황산로 919 (교동),,,704,157.97,22.44,67.32,철근콘크리트구조,근린생활시설,근린생활시설,3,0
경상남도 양산시 교동 232-5번지,48330,11000,0,0232,0005,일반건축물,,,,91,45.22,49.69,49.69,경량철골구조,제1종근린생활시설,근린생활시설,1,0
경상남도 양산시 교동 232-5번지,48330,11000,0,0232,0005,일반건축물,,,,0,26.45,0,0,블록구조,제1종근린생활시설,근린생활시설,1,0
경상남도 양산시 교동 232-6번지,48330,11000,0,0232,0006,일반건축물,,,,0,60.27,0,0,철근콘크리트구조,제1종근린생활시설,"근린생활시설, 주택",2,0
경상남도 양산시 교동 232-7번지,48330,11000,0,0232,0007,일반건축물,,,,0,33.02,0,0,블록구조,단독주택,주택,1,0
경상남도 양산시 교동 236-5번지,48330,11000,0,0236,0005,일반건축물,경상남도 양산시 교동2길 16 (교동),,,0,122.16,0,0,블록구조,단독주택,주택,2,0
경상남도 양산시 교동 236-7번지,48330,11000,0,0236,0007,일반건축물,경상남도 양산시 교동2길 14 (교동),,,0,91.4,0,0,블록구조,단독주택,주택,2,0
경상남도 양산시 교동 236-9번지,48330,11000,0,0236,0009,일반건축물,경상남도 양산시 황산로 917 (교동),,,0,188.98,0,0,철근콘크리트구조,제1종근린생활시설,근린생활시설,2,1
경상남도 양산시 교동 237-3번지,48330,11000,0,0237,0003,일반건축물,경상남도 양산시 교동2길 15 (교동),,,231,136.92,59.27,102.25,기타조적구조,단독주택,"주택, 근린생활시설",2,0
경상남도 양산시 교동 237-4번지,48330,11000,0,0237,0004,일반건축물,경상남도 양산시 교동2길 13-2 (교동),,,0,62.4,0,0,벽돌구조,단독주택,주택,2,0
경상남도 양산시 교동 237-15번지,48330,11000,0,0237,0015,일반건축물,경상남도 양산시 교동3길 9 (교동),,,0,49.68,0,0,블록구조,단독주택,주택,2,0
경상남도 양산시 교동 237-16번지,48330,11000,0,0237,0016,일반건축물,경상남도 양산시 교동2길 15-1 (교동),,,346,130.5,37.72,75.43,철근콘크리트구조,제1종근린생활시설,"제1종근린생활시설, 노유자시설",2,0
경상남도 양산시 교동 237-24번지,48330,11000,0,0237,0024,일반건축물,경상남도 양산시 교동3길 11 (교동),,,129,67.36,52.22,52.22,벽돌구조,단독주택,단독주택,1,0
경상남도 양산시 교동 239번지,48330,11000,0,0239,0000,일반건축물,경상남도 양산시 교동3길 14 (교동),,,0,57.6,0,0,경량철골구조,제1종근린생활시설,근린생활시설,1,0
경상남도 양산시 교동 239-1번지,48330,11000,0,0239,0001,일반건축물,경상남도 양산시 교동3길 10 (교동),,,229.9,132.3,57.55,146.41,철근콘크리트구조,단독주택,"단독주택,제1종근린생활시설, 제2종근린생활시설",3,0
경상남도 양산시 교동 239-2번지,48330,11000,0,0239,0002,일반건축물,경상남도 양산시 교동3길 8 (교동),미리내빌,,224,120.23,53.67,173.7,철근콘크리트구조,단독주택,"단독주택, 제2종근린생활시설",4,0
경상남도 양산시 교동 239-4번지,48330,11000,0,0239,0004,일반건축물,경상남도 양산시 교동2길 13-3 (교동),,,201.3,93.6,46.5,46.5,경량철골구조,제1종근린생활시설,근린생활시설,1,0
경상남도 양산시 교동 239-5번지,48330,11000,0,0239,0005,일반건축물,경상남도 양산시 교동2길 13-1 (교동),,,0,133.04,0,0,경량철골구조,제2종근린생활시설,근린생활시설,1,0
경상남도 양산시 교동 239-7번지,48330,11000,0,0239,0007,일반건축물,경상남도 양산시 교동2길 13-1 (교동),,,541.2,115.92,21.4,31,경량철골구조,근린생활시설,근린생활시설,2,0
경상남도 양산시 교동 239-8번지,48330,11000,0,0239,0008,일반건축물,경상남도 양산시 교동2길 13 (교동),,,136.6,81.38,59.57,178.12,철근콘크리트구조,단독주택,"근린생활시설, 단독주택",3,0
경상남도 양산시 교동 239-9번지,48330,11000,0,0239,0009,일반건축물,경상남도 양산시 교동2길 11 (교동),,,0,87.73,0,0,블록구조,단독주택,주택,2,0
경상남도 양산시 교동 239-10번지,48330,11000,0,0239,0010,일반건축물,경상남도 양산시 교동2길 9 (교동),,,0,84.48,0,0,블록구조,단독주택,주택,2,0
경상남도 양산시 교동 239-15번지,48330,11000,0,0239,0015,일반건축물,경상남도 양산시 교동2길 5-14 (교동),,,372.5,182.32,48.94,133.62,철근콘크리트구조,단독주택,단독주택,4,0
경상남도 양산시 교동 239-16번지,48330,11000,0,0239,0016,일반건축물,경상남도 양산시 교동2길 5-12 (교동),다솜하우스,,345.7,182.32,52.74,143.3,철근콘크리트구조,단독주택,단독주택,4,0
경상남도 양산시 교동 239-17번지,48330,11000,0,0239,0017,일반건축물,경상남도 양산시 교동2길 5-8 (교동),트리플A,,328.9,195.8,59.53,158.78,철근콘크리트구조,단독주택,단독주택(다가구),4,0
경상남도 양산시 교동 239-18번지,48330,11000,0,0239,0018,일반건축물,경상남도 양산시 교동2길 5-6 (교동),트리플B,,346,195.8,56.59,150.93,철근콘크리트구조,단독주택,단독주택(다가구),4,0
경상남도 양산시 교동 239-19번지,48330,11000,0,0239,0019,일반건축물,경상남도 양산시 교동2길 5 (교동),트리플C,,359.2,195.8,54.51,145.39,철근콘크리트구조,단독주택,단독주택(다가구),4,0
경상남도 양산시 교동 240-3번지,48330,11000,0,0240,0003,일반건축물,경상남도 양산시 교동2길 10 (교동),,전기실,0,96,0,0,일반철골구조,제1종근린생활시설,제1종근린생활시설,1,0
경상남도 양산시 교동 240-3번지,48330,11000,0,0240,0003,일반건축물,경상남도 양산시 교동2길 10 (교동),,펌프실,0,138.2,0,0,철근콘크리트구조,제1종근린생활시설,근린공공시설,1,0
경상남도 양산시 교동 241번지,48330,11000,0,0241,0000,일반건축물,경상남도 양산시 교동3길 6 (교동),,,176.7,99.21,56.15,111.51,벽돌구조,제2종근린생활시설,"제2종근린생활시설, 단독주택",3,0
경상남도 양산시 교동 241-6번지,48330,11000,0,0241,0006,표제부,경상남도 양산시 회현1길 6 (교동),창조아파트,,0,1140.78,0,0,철근콘크리트구조,공동주택,공동주택,15,1
경상남도 양산시 교동 241-6번지,48330,11000,0,0241,0006,표제부,경상남도 양산시 회현1길 6 (교동),,,0,51.84,0,0,벽돌구조,공동주택,노인정,2,0
경상남도 양산시 교동 241-6번지,48330,11000,0,0241,0006,표제부,경상남도 양산시 회현1길 4 (교동),창조아파트상가,,0,174.62,0,0,철근콘크리트구조,공동주택,"판매시설, 제2종근린생활시설",3,1
경상남도 양산시 교동 241-6번지,48330,11000,0,0241,0006,표제부,경상남도 양산시 회현1길 6 (교동),,,0,49.41,0,0,철근콘크리트구조,공동주택,"발전기실,펌프실",1,0
경상남도 양산시 교동 241-6번지,48330,11000,0,0241,0006,표제부,경상남도 양산시 회현1길 6 (교동),,,0,11.25,0,0,벽돌구조,공동주택,경비실,1,0
경상남도 양산시 교동 245-2번지,48330,11000,0,0245,0002,표제부,경상남도 양산시 회현1길 11 (교동),협성강변타운,110(상가)동,0,282.16,0,0,철근콘크리트구조,제1종근린생활시설,근린생활시설,2,0
경상남도 양산시 교동 245-2번지,48330,11000,0,0245,0002,표제부,경상남도 양산시 회현1길 3 (교동),협성강변타운,103동,0,485.88,0,0,철근콘크리트구조,공동주택,공동주택,15,1
경상남도 양산시 교동 245-2번지,48330,11000,0,0245,0002,표제부,경상남도 양산시 회현1길 3 (교동),협성강변타운,102동,0,833.72,0,0,철근콘크리트구조,공동주택,공동주택,15,1
경상남도 양산시 교동 245-2번지,48330,11000,0,0245,0002,표제부,경상남도 양산시 회현1길 3 (교동),협성강변타운,101동,0,875.3,0,0,철근콘크리트구조,공동주택,공동주택,15,1
경상남도 양산시 교동 245-2번지,48330,11000,0,0245,0002,표제부,경상남도 양산시 회현1길 5 (교동),협성강변타운,104(상가)동,0,0,0,0,철근콘크리트구조,제2종근린생활시설,근린생활시설,3,1
경상남도 양산시 교동 245-2번지,48330,11000,0,0245,0002,표제부,경상남도 양산시 회현1길 3 (교동),협성강변타운,마을회관,13861,101.15,0,0,철근콘크리트구조,공동주택,공동주택,2,0
경상남도 양산시 교동 249-1번지,48330,11000,0,0249,0001,일반건축물,경상남도 양산시 교동3길 3 (교동),,,369,212.4,57.56,57.56,경량철골구조,제1종근린생활시설,제1종근린생활시설,1,0
경상남도 양산시 교동 250-3번지,48330,11000,0,0250,0003,일반건축물,경상남도 양산시 교동3길 5 (교동),수정사우나,,562,316.15,56.25,134.26,철근콘크리트구조,제1종근린생활시설,제1종근린생활시설,3,1
경상남도 양산시 교동 250-6번지,48330,11000,0,0250,0006,일반건축물,경상남도 양산시 교동3길 7-7 (교동),,,278,165.98,59.71,171.7,철근콘크리트구조,단독주택,단독주택,4,0
경상남도 양산시 교동 250-7번지,48330,11000,0,0250,0007,일반건축물,경상남도 양산시 교동3길 7-9 (교동),,,171,100.56,58.81,103.16,일반철골구조,제1종근린생활시설,제1종근린생활시설,2,0
경상남도 양산시 교동 251-4번지,48330,11000,0,0251,0004,일반건축물,경상남도 양산시 교동3길 3-12 (교동),,,0,0,0,0,블록구조,단독주택,다세대주택,1,0
경상남도 양산시 교동 251-5번지,48330,11000,0,0251,0005,일반건축물,경상남도 양산시 교동3길 7-13 (교동),,,261,154.97,59.38,174.84,철근콘크리트구조,단독주택,단독주택,4,0
경상남도 양산시 교동 252-7번지,48330,11000,0,0252,0007,일반건축물,경상남도 양산시 교동3길 3-11 (교동),,,75.92,42.03,55.36,109.3,기타조적구조,단독주택,단독주택,2,0
경상남도 양산시 교동 252-9번지,48330,11000,0,0252,0009,일반건축물,경상남도 양산시 교동3길 3-13 (교동),,,91.68,51.57,56.25,97.91,기타조적구조,단독주택,단독주택,2,0
경상남도 양산시 교동 253-1번지,48330,11000,0,0253,0001,표제부,경상남도 양산시 회현1길 15 (교동),덕성연립,,0,264.83,0,0,철근콘크리트구조,공동주택,"연립주택, 근린생활시설, 다세대주택",3,0
경상남도 양산시 교동 253-5번지,48330,11000,0,0253,0005,일반건축물,경상남도 양산시 회현1길 15-20 (교동),,,933,212.96,22.83,63.18,철근콘크리트구조,단독주택,"단독주택,제2종근린생활시설",4,1
경상남도 양산시 교동 253-8번지,48330,11000,0,0253,0008,표제부,경상남도 양산시 회현1길 15-3 (교동),덕성연립주택,라동,0,295.92,0,0,철근콘크리트구조,공동주택,연립주택,3,0
경상남도 양산시 교동 253-8번지,48330,11000,0,0253,0008,표제부,경상남도 양산시 회현1길 15-3 (교동),덕성연립주택,나동,0,295.92,0,0,철근콘크리트구조,공동주택,연립주택,3,0
경상남도 양산시 교동 253-8번지,48330,11000,0,0253,0008,표제부,경상남도 양산시 회현1길 15-3 (교동),덕성연립주택,다동,0,295.92,0,0,철근콘크리트구조,공동주택,연립주택,3,0
경상남도 양산시 교동 253-8번지,48330,11000,0,0253,0008,표제부,경상남도 양산시 회현1길 15-3 (교동),덕성연립주택,가동,0,295.92,0,0,철근콘크리트구조,공동주택,연립주택,3,0
경상남도 양산시 교동 254-1번지,48330,11000,0,0254,0001,일반건축물,경상남도 양산시 회현1길 18 (교동),,,243,108.3,44.57,69.6,일반철골구조,제1종근린생활시설,제1종근린생활시설,2,0
경상남도 양산시 교동 255-1번지,48330,11000,0,0255,0001,일반건축물,경상남도 양산시 교동3길 3-21 (교동),,,0,79.09,0,0,블록구조,단독주택,주택,1,0
경상남도 양산시 교동 255-2번지,48330,11000,0,0255,0002,일반건축물,경상남도 양산시 교동3길 3-19 (교동),,,0,49.59,0,0,블록구조,단독주택,주택,1,0
경상남도 양산시 교동 255-3번지,48330,11000,0,0255,0003,일반건축물,경상남도 양산시 교동3길 3-17 (교동),,,0,49.77,0,0,블록구조,단독주택,주택,1,0
경상남도 양산시 교동 255-4번지,48330,11000,0,0255,0004,일반건축물,경상남도 양산시 교동3길 3-15 (교동),,,0,72.99,0,0,블록구조,단독주택,주택,1,0
경상남도 양산시 교동 256번지,48330,11000,0,0256,0000,일반건축물,경상남도 양산시 교동3길 3-21 (교동),,,284,20.88,7.35,16.34,경량철골구조,제1종근린생활시설,근린생활시설,2,0
경상남도 양산시 교동 258번지,48330,11000,0,0258,0000,표제부,경상남도 양산시 회현1길 19-1 (교동),연립주택,4동,0,73.92,0,0,블록구조,공동주택,연립주택,1,0
경상남도 양산시 교동 258-6번지,48330,11000,0,0258,0006,표제부,경상남도 양산시 회현1길 15-8 (교동),연립주택,8동,0,73.92,0,0,블록구조,공동주택,연립주택,1,0
경상남도 양산시 교동 259-1번지,48330,11000,0,0259,0001,일반건축물,경상남도 양산시 회현1길 21 (교동),,,1929,807.98,41.89,117.34,철근콘크리트구조,종교시설,종교시설,4,2
경상남도 양산시 교동 259-7번지,48330,11000,0,0259,0007,일반건축물,경상남도 양산시 회현1길 23-1 (교동),,,0,1087.85,0,0,철골철근콘크리트구조,교육연구시설,"교육연구시설, 제1종근린생활시설",5,0
경상남도 양산시 교동 259-7번지,48330,11000,0,0259,0007,일반건축물,경상남도 양산시 회현1길 23 (교동),,,0,406.99,0,0,철근콘크리트구조,교육연구시설,"교육연구시설, 근린생활시설",6,0
경상남도 양산시 교동 260-2번지,48330,11000,0,0260,0002,일반건축물,경상남도 양산시 회현1길 25 (교동),,,412,143.13,34.74,34.44,철근콘크리트구조,자동차관련시설,자동차관련시설,1,0
경상남도 양산시 교동 261-1번지,48330,11000,0,0261,0001,일반건축물,경상남도 양산시 교동3길 7-28 (교동),,,0,61.35,0,0,블록구조,단독주택,주택,1,0
경상남도 양산시 교동 262-2번지,48330,11000,0,0262,0002,일반건축물,경상남도 양산시 회현1길 27 (교동),,,0,75.96,0,0,블록구조,단독주택,주택,1,0
경상남도 양산시 교동 263번지,48330,11000,0,0263,0000,일반건축물,,,,0,33.06,0,0,일반목구조,단독주택,주택,1,0
경상남도 양산시 교동 264번지,48330,11000,0,0264,0000,일반건축물,경상남도 양산시 회현1길 27-1 (교동),,,0,98.04,0,0,경량철골구조,제1종근린생활시설,근린생활시설,1,0
경상남도 양산시 교동 267-9번지,48330,11000,0,0267,0009,일반건축물,경상남도 양산시 회현2길 42 (교동),,주1동,836,217.12,25.97,35.59,철근콘크리트구조,제2종근린생활시설,제2종근린생활시설,2,0
경상남도 양산시 교동 268-30번지,48330,11000,0,0268,0030,일반건축물,경상남도 양산시 회현2길 44 (교동),,제1동,1405,220.72,15.71,31.42,철근콘크리트구조,제2종근린생활시설,제2종근린생활시설,2,1
경상남도 양산시 교동 269-1번지,48330,11000,0,0269,0001,일반건축물,경상남도 양산시 회현1길 29-14 (교동),,,199,66,33.17,33.17,경량철골구조,제2종근린생활시설,제2종근린생활시설,1,0
경상남도 양산시 교동 270번지,48330,11000,0,0270,0000,표제부,경상남도 양산시 회현1길 35 (교동),강남그린빌라,4호동,0,395.63,0,0,철근콘크리트구조,공동주택,공동주택(다세대),4,0
경상남도 양산시 교동 270번지,48330,11000,0,0270,0000,표제부,경상남도 양산시 회현1길 35 (교동),강남그린빌라,5호동,0,395.63,0,0,철근콘크리트구조,공동주택,공동주택(다세대),4,0
경상남도 양산시 교동 272번지,48330,11000,0,0272,0000,일반건축물,경상남도 양산시 회현1길 32 (교동),,,388,107,27.58,48.64,일반철골구조,제2종근린생활시설,제2종근린생활시설,2,0
경상남도 양산시 교동 277번지,48330,11000,0,0277,0000,표제부,경상남도 양산시 회현1길 35 (교동),강남그린빌라,3호동,438,203.32,46.42,150.01,철근콘크리트구조,공동주택,공동주택(다세대),4,0
경상남도 양산시 교동 277-2번지,48330,11000,0,0277,0002,표제부,경상남도 양산시 회현1길 35 (교동),강남그린빌라,1호동,0,162.9,0,0,철근콘크리트구조,공동주택,공동주택(다세대),3,0
경상남도 양산시 교동 277-2번지,48330,11000,0,0277,0002,표제부,경상남도 양산시 회현1길 35 (교동),강남그린빌라,2호동,0,160.96,0,0,철근콘크리트구조,공동주택,공동주택(다세대),4,0
경상남도 양산시 교동 281-6번지,48330,11000,0,0281,0006,일반건축물,경상남도 양산시 교동1길 33-34 (교동),,,331,195.26,58.99,99.69,일반철골구조,제1종근린생활시설,제1종근린생활시설,2,0
경상남도 양산시 교동 282번지,48330,11000,0,0282,0000,일반건축물,경상남도 양산시 교동1길 53 (교동),,D동,0,152.25,0,0,철근콘크리트구조,노유자시설,노유자시설,2,0
경상남도 양산시 교동 282번지,48330,11000,0,0282,0000,일반건축물,경상남도 양산시 교동1길 49 (교동),,C동,0,125.6,0,0,철근콘크리트구조,노유자시설,노유자시설,1,0
경상남도 양산시 교동 282번지,48330,11000,0,0282,0000,일반건축물,경상남도 양산시 교동1길 53 (교동),,B동,0,303.24,0,0,철근콘크리트구조,노유자시설,노유자시설,2,0
경상남도 양산시 교동 282번지,48330,11000,0,0282,0000,일반건축물,경상남도 양산시 교동1길 51 (교동),,E동,0,481.94,0,0,철근콘크리트구조,노유자시설,노유자시설,4,0
경상남도 양산시 교동 283번지,48330,11000,0,0283,0000,일반건축물,경상남도 양산시 교동1길 63 (교동),,,0,86.03,0,0,블록구조,단독주택,주택,1,0
경상남도 양산시 교동 283번지,48330,11000,0,0283,0000,일반건축물,경상남도 양산시 교동1길 63 (교동),,,113,65.975,58.38,58.38,블록구조,단독주택,단독주택,1,0
경상남도 양산시 교동 283-4번지,48330,11000,0,0283,0004,일반건축물,경상남도 양산시 교동1길 61-1 (교동),,,224,72.78,32.49,32.49,경량철골구조,단독주택,단독주택,1,0
경상남도 양산시 교동 283-5번지,48330,11000,0,0283,0005,일반건축물,경상남도 양산시 교동1길 61 (교동),,,0,104.22,0,0,블록구조,단독주택,주택,1,0
경상남도 양산시 교동 283-7번지,48330,11000,0,0283,0007,일반건축물,경상남도 양산시 교동1길 59-1 (교동),,,0,57.96,0,0,블록구조,단독주택,주택,1,0
경상남도 양산시 교동 283-9번지,48330,11000,0,0283,0009,일반건축물,경상남도 양산시 교동1길 57-1 (교동),,,0,73.77,0,0,블록구조,단독주택,주택,1,0
경상남도 양산시 교동 284번지,48330,11000,0,0284,0000,일반건축물,경상남도 양산시 교동1길 50 (교동),,,0,77.64,0,0,블록구조,단독주택,"주택, 근린생활시설",1,0
경상남도 양산시 교동 284-3번지,48330,11000,0,0284,0003,일반건축물,경상남도 양산시 교동1길 54 (교동),,,0,83.51,0,0,블록구조,단독주택,주택,1,0
경상남도 양산시 교동 285-5번지,48330,11000,0,0285,0005,일반건축물,경상남도 양산시 교동1길 58-2 (교동),,,98,54.69,55.81,97.87,철근콘크리트구조,제2종근린생활시설,제2종근린생활시설,2,0
경상남도 양산시 교동 287번지,48330,11000,0,0287,0000,일반건축물,경상남도 양산시 교동1길 58 (교동),회현마을경로당,,448,132.98,29.68,47.64,철근콘크리트구조,노유자시설,"노유자시설,제1종근린생활시설",2,0
경상남도 양산시 교동 288번지,48330,11000,0,0288,0000,일반건축물,,,,0,33.55,0,0,블록구조,단독주택,주택,1,0
경상남도 양산시 교동 288-2번지,48330,11000,0,0288,0002,일반건축물,경상남도 양산시 교동1길 56 (교동),,,0,55.94,0,0,블록구조,단독주택,주택,1,0
경상남도 양산시 교동 288-4번지,48330,11000,0,0288,0004,일반건축물,경상남도 양산시 교동1길 54-1 (교동),,,0,33.55,0,0,블록구조,단독주택,주택,1,0
경상남도 양산시 교동 290번지,48330,11000,0,0290,0000,일반건축물,경상남도 양산시 교동5길 34-14 (교동),,,0,68.4,0,0,블록구조,단독주택,주택,1,0
경상남도 양산시 교동 290번지,48330,11000,0,0290,0000,일반건축물,경상남도 양산시 교동5길 34-14 (교동),,,0,41.65,0,0,블록구조,단독주택,주택,1,0
경상남도 양산시 교동 291번지,48330,11000,0,0291,0000,일반건축물,경상남도 양산시 교동5길 26 (교동),,,0,106.26,0,0,벽돌구조,단독주택,주택,2,0
경상남도 양산시 교동 291-2번지,48330,11000,0,0291,0002,일반건축물,경상남도 양산시 교동5길 28-2 (교동),,,127,75.33,59.31,108.49,기타조적구조,단독주택,단독주택,2,0
경상남도 양산시 교동 291-3번지,48330,11000,0,0291,0003,일반건축물,경상남도 양산시 교동5길 28-4 (교동),,,132.5,74.63,56.32,109.06,기타조적구조,단독주택,단독주택,2,0
경상남도 양산시 교동 291-5번지,48330,11000,0,0291,0005,일반건축물,경상남도 양산시 교동5길 28-3 (교동),,,202,105.94,52.45,97.43,기타조적구조,단독주택,단독주택,2,0
경상남도 양산시 교동 291-6번지,48330,11000,0,0291,0006,일반건축물,경상남도 양산시 교동5길 28-1 (교동),,,157.99,77.46,49.03,94.56,기타조적구조,단독주택,단독주택,2,0
경상남도 양산시 교동 292-2번지,48330,11000,0,0292,0002,일반건축물,경상남도 양산시 교동5길 24 (교동),,,293,114.37,39.03,59.39,벽돌구조,단독주택,단독주택,2,0
경상남도 양산시 교동 293-1번지,48330,11000,0,0293,0001,일반건축물,경상남도 양산시 교동5길 25 (교동),,,430,110.07,25.6,25.6,벽돌구조,단독주택,주택,1,0
경상남도 양산시 교동 294-1번지,48330,11000,0,0294,0001,일반건축물,경상남도 양산시 교동5길 17 (교동),,1동,382,199.84,52.31,56.57,철근콘크리트구조,단독주택,단독주택,2,1
경상남도 양산시 교동 294-2번지,48330,11000,0,0294,0002,일반건축물,경상남도 양산시 교동5길 25-2 (교동),,,0,101.04,0,0,블록구조,단독주택,주택,1,0
경상남도 양산시 교동 295번지,48330,11000,0,0295,0000,일반건축물,경상남도 양산시 교동5길 21 (교동),,,209.87,105.25,50.15,46.7,기타조적구조,제2종근린생활시설,제2종근린생활시설,1,0
경상남도 양산시 교동 302번지,48330,11000,0,0302,0000,일반건축물,경상남도 양산시 충렬로 27 (교동),충렬사,5동,0,42.12,0,0,일반목구조,제2종근린생활시설,제2종근린생활시설,1,0
경상남도 양산시 교동 302번지,48330,11000,0,0302,0000,일반건축물,경상남도 양산시 충렬로 27 (교동),충렬사,4동,0,18,0,0,일반목구조,제2종근린생활시설,제2종근린생활시설,1,0
경상남도 양산시 교동 302번지,48330,11000,0,0302,0000,일반건축물,경상남도 양산시 충렬로 27 (교동),충렬사,2동,0,50.49,0,0,일반목구조,제2종근린생활시설,제2종근린생활시설,1,0
경상남도 양산시 교동 302번지,48330,11000,0,0302,0000,일반건축물,경상남도 양산시 충렬로 27 (교동),충렬사,3동,0,18,0,0,일반목구조,제2종근린생활시설,제2종근린생활시설,1,0
경상남도 양산시 교동 302번지,48330,11000,0,0302,0000,일반건축물,경상남도 양산시 충렬로 27 (교동),충렬사,1동,0,146.16,0,0,일반목구조,제2종근린생활시설,제2종근린생활시설,1,0
경상남도 양산시 교동 306-1번지,48330,11000,0,0306,0001,일반건축물,경상남도 양산시 교동5길 20 (교동),양산시립독립기념관,부속건축물제1동,0,26,0,0,철근콘크리트구조,문화및집회시설,문화및집회시설,2,0
경상남도 양산시 교동 306-1번지,48330,11000,0,0306,0001,일반건축물,경상남도 양산시 교동5길 20 (교동),양산시립독립기념관,제1동,4277,676.42,15.84,16.63,철근콘크리트구조,문화및집회시설,문화및집회시설,2,2
경상남도 양산시 교동 331번지,48330,11000,0,0331,0000,일반건축물,경상남도 양산시 유산공단1길 50 (교동),,,0,0,0,0,철근콘크리트구조,자원순환관련시설,자원순환관련시설,2,0
경상남도 양산시 교동 333번지,48330,11000,0,0333,0000,일반건축물,경상남도 양산시 유산공단1길 46 (교동),,,288,142.58,49.51,49.51,일반철골구조,공장,공장,1,0
경상남도 양산시 교동 340번지,48330,11000,0,0340,0000,일반건축물,,양산궁도장,고전실(B),0,5.14,0,0,일반철골구조,운동시설,운동시설,2,0
경상남도 양산시 교동 340번지,48330,11000,0,0340,0000,일반건축물,,양산궁도장,춘추정,14512,280.89,1.94,3.42,철근콘크리트구조,운동시설,운동시설,2,0
경상남도 양산시 교동 340번지,48330,11000,0,0340,0000,일반건축물,,양산궁도장,고전실(A),0,5.14,0,0,일반철골구조,운동시설,운동시설,2,0
경상남도 양산시 교동 475-2번지,48330,11000,0,0475,0002,일반건축물,경상남도 양산시 교동1길 123 (교동),,,2043,267,13.06,12.3,철근콘크리트구조,동물및식물관련시설,동물관련시설,1,0
경상남도 양산시 교동 477-2번지,48330,11000,0,0477,0002,일반건축물,경상남도 양산시 교동1길 124 (교동),,,826,164.76,19.95,38.39,일반철골구조,제2종근린생활시설,제2종근린생활시설,2,0
경상남도 양산시 교동 495번지,48330,11000,0,0495,0000,일반건축물,경상남도 양산시 교동1길 80 (교동),,,350,69.21,19.77,18.36,기타조적구조,단독주택,단독주택,1,0
경상남도 양산시 교동 497번지,48330,11000,0,0497,0000,일반건축물,경상남도 양산시 교동1길 78 (교동),,,494,258.81,52.39,52.39,일반철골구조,제2종근린생활시설,제2종근린생활시설,1,0
경상남도 양산시 교동 498-1번지,48330,11000,0,0498,0001,일반건축물,경상남도 양산시 교동1길 82 (교동),,,629,328.9,52.29,52.29,일반철골구조,제2종근린생활시설,제2종근린생활시설,1,0
경상남도 양산시 교동 500-3번지,48330,11000,0,0500,0003,일반건축물,경상남도 양산시 교동1길 80-1 (교동),,,0,71.4,0,0,블록구조,단독주택,주택,1,0
경상남도 양산시 교동 506번지,48330,11000,0,0506,0000,일반건축물,경상남도 양산시 교동1길 90-21 (교동),,1동,297,34.5,11.62,11.62,경량철골구조,단독주택,단독주택,1,0
경상남도 양산시 교동 508번지,48330,11000,0,0508,0000,일반건축물,경상남도 양산시 교동1길 90-19 (교동),,,0,62.8,0,0,일반목구조,단독주택,주택,1,0
경상남도 양산시 교동 509번지,48330,11000,0,0509,0000,일반건축물,경상남도 양산시 교동1길 90-17 (교동),,,0,69.42,0,0,블록구조,단독주택,주택,1,0
경상남도 양산시 교동 510번지,48330,11000,0,0510,0000,일반건축물,경상남도 양산시 교동1길 90-15 (교동),,,118,70.53,59.77,84.31,철근콘크리트구조,단독주택,단독주택(다가구),2,0
경상남도 양산시 교동 511번지,48330,11000,0,0511,0000,일반건축물,경상남도 양산시 교동1길 90-13 (교동),,,171,52.8,30.88,44.77,일반목구조,단독주택,단독주택,2,0
경상남도 양산시 교동 512번지,48330,11000,0,0512,0000,일반건축물,경상남도 양산시 교동1길 90-11 (교동),,,0,66.11,0,0,일반목구조,단독주택,주택,1,0
경상남도 양산시 교동 514번지,48330,11000,0,0514,0000,일반건축물,경상남도 양산시 교동1길 90-9 (교동),,,0,79.56,0,0,블록구조,단독주택,주택,1,0
경상남도 양산시 교동 518번지,48330,11000,0,0518,0000,일반건축물,경상남도 양산시 교동1길 90-7 (교동),,,0,95.86,0,0,일반목구조,단독주택,주택,1,0
경상남도 양산시 교동 519번지,48330,11000,0,0519,0000,일반건축물,경상남도 양산시 교동1길 100-11 (교동),,,0,59.5,0,0,블록구조,단독주택,주택,1,0
경상남도 양산시 교동 520번지,48330,11000,0,0520,0000,일반건축물,경상남도 양산시 교동1길 90-5 (교동),,,0,45.5,0,0,블록구조,단독주택,주택,1,0
경상남도 양산시 교동 520-1번지,48330,11000,0,0520,0001,일반건축물,,,,0,62.81,0,0,일반목구조,단독주택,주택,1,0
경상남도 양산시 교동 521번지,48330,11000,0,0521,0000,일반건축물,경상남도 양산시 교동1길 90-3 (교동),,,0,62.81,0,0,일반목구조,단독주택,주택,1,0
경상남도 양산시 교동 522번지,48330,11000,0,0522,0000,일반건축물,경상남도 양산시 교동1길 100-14 (교동),,,0,80.66,0,0,블록구조,단독주택,주택,1,0
경상남도 양산시 교동 523번지,48330,11000,0,0523,0000,일반건축물,경상남도 양산시 교동1길 94 (교동),,,0,66.12,0,0,블록구조,단독주택,주택,1,0
경상남도 양산시 교동 524-1번지,48330,11000,0,0524,0001,일반건축물,경상남도 양산시 교동1길 92 (교동),,,0,59.5,0,0,블록구조,단독주택,주택,1,0
경상남도 양산시 교동 526번지,48330,11000,0,0526,0000,일반건축물,,,,0,62.79,0,0,블록구조,단독주택,주택,1,0
경상남도 양산시 교동 528번지,48330,11000,0,0528,0000,일반건축물,경상남도 양산시 교동1길 98-1 (교동),,,0,36.35,0,0,블록구조,단독주택,주택,1,0
경상남도 양산시 교동 528-1번지,48330,11000,0,0528,0001,일반건축물,경상남도 양산시 교동1길 100 (교동),,,72,41.75,57.99,113.06,기타조적구조,단독주택,단독주택,2,0
경상남도 양산시 교동 529번지,48330,11000,0,0529,0000,일반건축물,경상남도 양산시 교동1길 100-9 (교동),,,0,71.13,0,0,블록구조,단독주택,주택,1,0
경상남도 양산시 교동 552-2번지,48330,11000,0,0552,0002,일반건축물,경상남도 양산시 교동1길 111 (교동),,,1539,325,21.12,21.12,일반철골구조,제2종근린생활시설,제2종근린생활시설,1,0
경상남도 양산시 교동 560번지,48330,11000,0,0560,0000,일반건축물,경상남도 양산시 회현1길 106 (교동),,,145,56,38.62,38.62,경량철골구조,제1종근린생활시설,제1종근린생활시설,1,0
경상남도 양산시 교동 563번지,48330,11000,0,0563,0000,일반건축물,경상남도 양산시 회현1길 98 (교동),,1호동,0,240,0,0,일반철골구조,공장,공장,2,0
경상남도 양산시 교동 563번지,48330,11000,0,0563,0000,일반건축물,경상남도 양산시 회현1길 98 (교동),,2호동,0,50.75,0,0,철근콘크리트구조,공장,공장,2,0
경상남도 양산시 교동 594-7번지,48330,11000,0,0594,0007,일반건축물,경상남도 양산시 교동1길 91-14 (교동),,,999,12.96,1.3,1.3,경량철골구조,제1종근린생활시설,제1종근린생활시설(화장실),1,0
경상남도 양산시 교동 594-7번지,48330,11000,0,0594,0007,일반건축물,경상남도 양산시 교동1길 91-14 (교동),,,999,398.7,39.91,39.91,일반철골구조,제2종근린생활시설,"제1종근린생활시설,제2종근린생활시설",1,0
경상남도 양산시 교동 594-12번지,48330,11000,0,0594,0012,일반건축물,,,,1071,50,4.67,4.67,블록구조,창고시설,창고시설,1,0
경상남도 양산시 교동 596-2번지,48330,11000,0,0596,0002,일반건축물,경상남도 양산시 교동1길 91-12 (교동),,,69,35.97,52.13,71.72,철근콘크리트구조,단독주택,단독주택,2,0
경상남도 양산시 교동 597번지,48330,11000,0,0597,0000,일반건축물,경상남도 양산시 교동1길 91-10 (교동),,,0,29.75,0,0,블록구조,단독주택,주택,1,0
경상남도 양산시 교동 599번지,48330,11000,0,0599,0000,일반건축물,경상남도 양산시 교동1길 95 (교동),,,0,49.44,0,0,블록구조,단독주택,주택,1,0
경상남도 양산시 교동 600번지,48330,11000,0,0600,0000,일반건축물,경상남도 양산시 교동1길 93 (교동),,,260,106.2,40.85,39.39,경량철골구조,단독주택,단독주택,1,0
경상남도 양산시 교동 601번지,48330,11000,0,0601,0000,일반건축물,경상남도 양산시 교동1길 91-8 (교동),,,231,102.67,44.45,43.08,기타조적구조,단독주택,단독주택,1,0
경상남도 양산시 교동 603-3번지,48330,11000,0,0603,0003,일반건축물,경상남도 양산시 교동1길 33-99 (교동),,,380,209.5,55.13,55.13,일반철골구조,제1종근린생활시설,제1종근린생활시설,1,0
경상남도 양산시 교동 605번지,48330,11000,0,0605,0000,표제부,경상남도 양산시 회현1길 48 (교동),일동 미라주 아파트,107,0,274.39,0,0,철근콘크리트구조,공동주택,아파트,18,0
경상남도 양산시 교동 605번지,48330,11000,0,0605,0000,표제부,경상남도 양산시 회현1길 48 (교동),일동 미라주 아파트,105,0,775.17,0,0,철근콘크리트구조,공동주택,아파트,24,0
경상남도 양산시 교동 605번지,48330,11000,0,0605,0000,표제부,경상남도 양산시 회현1길 48 (교동),일동 미라주 아파트,109,0,345.21,0,0,철근콘크리트구조,공동주택,아파트,20,0
경상남도 양산시 교동 605번지,48330,11000,0,0605,0000,표제부,경상남도 양산시 회현1길 48 (교동),일동 미라주 아파트,111,0,12.95,0,0,철근콘크리트구조,공동주택,경비실,1,0
경상남도 양산시 교동 605번지,48330,11000,0,0605,0000,표제부,경상남도 양산시 회현1길 48 (교동),일동 미라주 아파트,114,0,145.41,0,0,철근콘크리트구조,공동주택,"노인정,관리사무소",2,0
경상남도 양산시 교동 605번지,48330,11000,0,0605,0000,표제부,경상남도 양산시 회현1길 48 (교동),일동미라주아파트,112,0,41.27,0,0,철근콘크리트구조,공동주택,공동주택,2,0
경상남도 양산시 교동 605번지,48330,11000,0,0605,0000,표제부,경상남도 양산시 회현1길 48 (교동),일동 미라주 아파트,115,0,167.73,0,0,철근콘크리트구조,공동주택,보육시설,1,0
경상남도 양산시 교동 605번지,48330,11000,0,0605,0000,표제부,경상남도 양산시 회현1길 48 (교동),일동 미라주 아파트,106,0,775.17,0,0,철근콘크리트구조,공동주택,아파트,24,0
경상남도 양산시 교동 605번지,48330,11000,0,0605,0000,표제부,경상남도 양산시 회현1길 50 (교동),일동 미라주 아파트,118,0,354.59,0,0,철근콘크리트구조,제2종근린생활시설,"제1종근린생활시설,제2종근린생활시설",3,0
경상남도 양산시 교동 605번지,48330,11000,0,0605,0000,표제부,경상남도 양산시 회현1길 48 (교동),일동미라주아파트,부속건축물 제120동,43536,0,0,0,경량철골구조,자원순환관련시설,자원순환관련시설,1,0
경상남도 양산시 교동 605번지,48330,11000,0,0605,0000,표제부,경상남도 양산시 회현1길 48 (교동),일동 미라주 아파트,117,0,0,0,0,철근콘크리트구조,공동주택,지하주차장,0,1
경상남도 양산시 교동 605번지,48330,11000,0,0605,0000,표제부,경상남도 양산시 회현1길 48 (교동),일동 미라주 아파트,103,0,927.64,0,0,철근콘크리트구조,공동주택,아파트,24,0
경상남도 양산시 교동 605번지,48330,11000,0,0605,0000,표제부,경상남도 양산시 회현1길 48 (교동),일동 미라주 아파트,116,0,0,0,0,철근콘크리트구조,공동주택,지하주차장,0,1
경상남도 양산시 교동 605번지,48330,11000,0,0605,0000,표제부,경상남도 양산시 회현1길 48 (교동),일동 미라주 아파트,104,0,775.17,0,0,철근콘크리트구조,공동주택,아파트,24,0
경상남도 양산시 교동 605번지,48330,11000,0,0605,0000,표제부,경상남도 양산시 회현1길 48 (교동),일동 미라주 아파트,110,0,95.3,0,0,철근콘크리트구조,공동주택,주경비실,1,0
경상남도 양산시 교동 605번지,48330,11000,0,0605,0000,표제부,경상남도 양산시 회현1길 48 (교동),일동 미라주 아파트,108,0,548.78,0,0,철근콘크리트구조,공동주택,아파트,21,0
경상남도 양산시 교동 605번지,48330,11000,0,0605,0000,표제부,경상남도 양산시 회현1길 48 (교동),일동미라주아파트,부속건축물 제119동,43536,0,0,0,경량철골구조,자원순환관련시설,자원순환관련시설,1,0
경상남도 양산시 교동 605번지,48330,11000,0,0605,0000,표제부,경상남도 양산시 회현1길 48 (교동),일동 미라주 아파트,101,0,1137.71,0,0,철근콘크리트구조,공동주택,아파트,19,0
경상남도 양산시 교동 605번지,48330,11000,0,0605,0000,표제부,경상남도 양산시 회현1길 48 (교동),일동 미라주 아파트,102,0,775.17,0,0,철근콘크리트구조,공동주택,아파트,24,0
경상남도 양산시 교동 605번지,48330,11000,0,0605,0000,표제부,경상남도 양산시 회현1길 48 (교동),일동 미라주 아파트,113,0,12.95,0,0,철근콘크리트구조,공동주택,경비실,1,0
경상남도 양산시 교동 606-2번지,48330,11000,0,0606,0002,일반건축물,경상남도 양산시 회현1길 68 (교동),,,618,169.98,27.5,39.16,블록구조,제1종근린생활시설,근린생활시설,2,0
경상남도 양산시 교동 606-8번지,48330,11000,0,0606,0008,일반건축물,경상남도 양산시 회현1길 62 (교동),,,157,69.26,44.11,79.59,벽돌구조,제2종근린생활시설,제2종근린생활시설,2,0
경상남도 양산시 교동 606-9번지,48330,11000,0,0606,0009,일반건축물,경상남도 양산시 회현1길 64-1 (교동),,,0,203.63,0,0,철근콘크리트구조,제1종근린생활시설,근린생활시설,2,0
경상남도 양산시 교동 606-9번지,48330,11000,0,0606,0009,일반건축물,경상남도 양산시 회현1길 66 (교동),,,0,145.27,0,0,철근콘크리트구조,제2종근린생활시설,"제2종근린생활시설,단독주택",2,0
경상남도 양산시 교동 611번지,48330,11000,0,0611,0000,일반건축물,경상남도 양산시 교동1길 77 (교동),,,1421,275.04,19.35,19.35,경량철골구조,근린생활시설,근린생활시설,1,0
경상남도 양산시 교동 611-1번지,48330,11000,0,0611,0001,일반건축물,,,,0,126,0,0,철근콘크리트구조,자동차관련시설,자동차관련시설,2,0
경상남도 양산시 교동 612번지,48330,11000,0,0612,0000,일반건축물,,,,0,61.44,0,0,블록구조,단독주택,주택,1,0
경상남도 양산시 교동 617-2번지,48330,11000,0,0617,0002,일반건축물,경상남도 양산시 교동1길 59-2 (교동),,,440,234.23,53.23,86.12,일반철골구조,제1종근린생활시설,"제1,2종근린생활시설",2,0
경상남도 양산시 교동 624-4번지,48330,11000,0,0624,0004,일반건축물,경상남도 양산시 회현1길 56 (교동),,,811,161.5,19.91,19.42,경량철골구조,제2종근린생활시설,제2종근린생활시설,1,0
경상남도 양산시 교동 628번지,48330,11000,0,0628,0000,표제부,경상남도 양산시 회현1길 63 (교동),교리반석빌라,,1537,291.62,18.97,74.18,철근콘크리트구조,공동주택,공동주택(연립주택),4,0
경상남도 양산시 교동 634-1번지,48330,11000,0,0634,0001,일반건축물,경상남도 양산시 회현1길 57 (교동),,,0,83.1,0,0,블록구조,제2종근린생활시설,사무실,2,0
경상남도 양산시 교동 634-2번지,48330,11000,0,0634,0002,일반건축물,경상남도 양산시 회현1길 57 (교동),,,799,75,9.39,9.39,경량철골구조,자동차관련시설,자동차관련시설,1,0
경상남도 양산시 교동 635번지,48330,11000,0,0635,0000,일반건축물,경상남도 양산시 회현1길 61 (교동),,,337,33,9.79,9.79,벽돌구조,위험물저장및처리시설,위험물저장및처리시설,1,0
경상남도 양산시 교동 638번지,48330,11000,0,0638,0000,일반건축물,경상남도 양산시 회현1길 51 (교동),,,375,218.3,58.21,174.64,철근콘크리트구조,제2종근린생활시설,"제1종근린생활시설,제2종근린생활시설",3,0
경상남도 양산시 교동 643-19번지,48330,11000,0,0643,0019,일반건축물,경상남도 양산시 회현2길 37 (교동),제이드힐 골프파크,제1동,9934,743.01,7.48,24.87,일반철골구조,운동시설,운동시설,4,2
경상남도 양산시 교동 1014-1번지,48330,11000,0,1014,0001,일반건축물,경상남도 양산시 유산공단4길 94 (교동),,,0,311.85,0,0,철근콘크리트구조,자원순환관련시설,자원순환관련시설,3,0
경상남도 양산시 교동 1014-1번지,48330,11000,0,1014,0001,일반건축물,경상남도 양산시 유산공단4길 94 (교동),,,0,991.68,0,0,일반철골구조,자원순환관련시설,자원순환관련시설,1,0
경상남도 양산시 교동 1014-1번지,48330,11000,0,1014,0001,일반건축물,경상남도 양산시 유산공단4길 94 (교동),,,13118.2,8522.48,64.97,68.64,일반철골구조,자원순환관련시설,자원순환관련시설,1,1
경상남도 양산시 교동 1014-1번지,48330,11000,0,1014,0001,일반건축물,경상남도 양산시 유산공단4길 94 (교동),,,0,193.82,0,0,철근콘크리트구조,자원순환관련시설,자원순환관련시설,2,0
경상남도 양산시 교동 1014-1번지,48330,11000,0,1014,0001,일반건축물,경상남도 양산시 유산공단4길 94 (교동),,,0,15.28,0,0,철근콘크리트구조,자원순환관련시설,자원순환관련시설,1,0
경상남도 양산시 교동 1015-1번지,48330,11000,0,1015,0001,일반건축물,경상남도 양산시 유산공단3길 74 (교동),,2동,0,317.1,0,0,일반철골구조,공장,공장,1,0
경상남도 양산시 교동 1015-1번지,48330,11000,0,1015,0001,일반건축물,경상남도 양산시 유산공단3길 74 (교동),,1동,0,351.18,0,0,일반철골구조,공장,공장,1,0
경상남도 양산시 교동 1015-1번지,48330,11000,0,1015,0001,일반건축물,경상남도 양산시 유산공단3길 74 (교동),,3동,0,42.48,0,0,일반철골구조,공장,공장,2,0
경상남도 양산시 교동 1015-2번지,48330,11000,0,1015,0002,일반건축물,경상남도 양산시 유산공단3길 76-12 (교동),,2동,2070.7,651.69,31.47,37.53,일반철골구조,공장,공장,2,0
경상남도 양산시 교동 1015-2번지,48330,11000,0,1015,0002,일반건축물,경상남도 양산시 유산공단3길 76-12 (교동),,4동,2070.7,55.8,2.69,2.69,일반철골구조,공장,공장,1,0
경상남도 양산시 교동 1015-2번지,48330,11000,0,1015,0002,일반건축물,경상남도 양산시 유산공단3길 76-12 (교동),,3동,2070.7,109.02,5.26,15.38,철근콘크리트구조,공장,공장,3,0
경상남도 양산시 교동 1015-2번지,48330,11000,0,1015,0002,일반건축물,경상남도 양산시 유산공단3길 76-12 (교동),,1동,2070.7,649.98,31.39,41.5,일반철골구조,공장,공장,1,0
경상남도 양산시 교동 1015-4번지,48330,11000,0,1015,0004,일반건축물,경상남도 양산시 유산공단3길 70 (교동),,2동,0,444,0,0,일반철골구조,공장,공장,1,0
경상남도 양산시 교동 1015-4번지,48330,11000,0,1015,0004,일반건축물,경상남도 양산시 유산공단3길 70 (교동),,3동,0,54,0,0,일반철골구조,공장,"공장(사무실,휴게실)",2,0
경상남도 양산시 교동 1015-4번지,48330,11000,0,1015,0004,일반건축물,경상남도 양산시 유산공단3길 70 (교동),,1동,0,435.15,0,0,일반철골구조,공장,공장,1,0
경상남도 양산시 교동 1015-5번지,48330,11000,0,1015,0005,일반건축물,경상남도 양산시 유산공단4길 114 (교동),,,1451.5,496.6,34.21,40.48,일반철골구조,공장,공장,2,0
경상남도 양산시 교동 1015-6번지,48330,11000,0,1015,0006,일반건축물,경상남도 양산시 유산공단3길 66 (교동),,1동,1675.4,392.86,23.45,33.28,일반철골구조,위험물저장및처리시설,위험물저장및처리시설,2,0
경상남도 양산시 교동 1015-6번지,48330,11000,0,1015,0006,일반건축물,경상남도 양산시 유산공단3길 66 (교동),,부1동,0,97.46,0,0,철근콘크리트구조,위험물저장및처리시설,위험물저장및처리시설,3,0
경상남도 양산시 교동 1015-8번지,48330,11000,0,1015,0008,일반건축물,경상남도 양산시 유산공단4길 118 (교동),,1동,200,134.05,67.03,123.55,일반철골구조,제2종근린생활시설,제2종근린생활시설,2,0
경상남도 양산시 교동 1016-1번지,48330,11000,0,1016,0001,일반건축물,경상남도 양산시 유산공단4길 101 (교동),,4동,0,1337.35,0,0,일반철골구조,공장,공장,1,0
경상남도 양산시 교동 1016-1번지,48330,11000,0,1016,0001,일반건축물,경상남도 양산시 유산공단4길 101 (교동),,5동,7116.9,22.75,0.32,0.3,경량철골구조,공장,공장(펌프실),1,0
경상남도 양산시 교동 1016-1번지,48330,11000,0,1016,0001,일반건축물,경상남도 양산시 유산공단4길 101 (교동),,3동,7116.9,118.2,1.66,3,철근콘크리트구조,공장,"공장(경비실,휴게실)",2,0
경상남도 양산시 교동 1016-1번지,48330,11000,0,1016,0001,일반건축물,경상남도 양산시 유산공단4길 101 (교동),,2동,7116.9,900,12.65,12.6,일반철골구조,공장,공장(위험물제품창고),1,0
경상남도 양산시 교동 1016-1번지,48330,11000,0,1016,0001,일반건축물,경상남도 양산시 유산공단4길 101 (교동),,1동,0,900,0,0,일반철골구조,위험물저장및처리시설,위험물저장및처리시설,4,0
경상남도 양산시 교동 1016-2번지,48330,11000,0,1016,0002,일반건축물,경상남도 양산시 유산공단3길 54 (교동),,2동,0,148.2,0,0,일반철골구조,위험물저장및처리시설,위험물저장및처리시설,1,0
경상남도 양산시 교동 1016-2번지,48330,11000,0,1016,0002,일반건축물,경상남도 양산시 유산공단3길 54 (교동),,3동,0,148.2,0,0,일반철골구조,위험물저장및처리시설,위험물저장및처리시설,1,0
경상남도 양산시 교동 1016-2번지,48330,11000,0,1016,0002,일반건축물,경상남도 양산시 유산공단3길 54 (교동),,1동,0,430,0,0,일반철골구조,위험물저장및처리시설,위험물저장및처리시설,1,0
경상남도 양산시 교동 1016-2번지,48330,11000,0,1016,0002,일반건축물,경상남도 양산시 유산공단3길 54 (교동),,4동,0,148.2,0,0,일반철골구조,위험물저장및처리시설,위험물저장및처리시설,1,0
경상남도 양산시 교동 1016-4번지,48330,11000,0,1016,0004,일반건축물,경상남도 양산시 유산공단4길 107 (교동),,4동,0,298.9,0,0,일반철골구조,공장,공장(창고),1,0
경상남도 양산시 교동 1016-4번지,48330,11000,0,1016,0004,일반건축물,경상남도 양산시 유산공단4길 107 (교동),,2동,0,27,0,0,철근콘크리트구조,공장,공장(경비실),1,0
경상남도 양산시 교동 1016-4번지,48330,11000,0,1016,0004,일반건축물,경상남도 양산시 유산공단4길 107 (교동),,1동,6611,2947.3,44.58,61.54,일반철골구조,공장,공장,3,0
경상남도 양산시 교동 1016-4번지,48330,11000,0,1016,0004,일반건축물,경상남도 양산시 유산공단4길 107 (교동),,3동,0,581.4,0,0,일반철골구조,공장,공장(창고),2,0
경상남도 양산시 교동 1021번지,48330,11000,0,1021,0000,표제부,경상남도 양산시 교동1길 74 (교동),양산 교동 월드메르디앙 2단지,203동,0,12.8,0,0,철근콘크리트구조,공동주택,경비실,1,0
경상남도 양산시 교동 1021번지,48330,11000,0,1021,0000,표제부,경상남도 양산시 교동1길 74 (교동),양산 교동 월드메르디앙 2단지,201동,0,492.402,0,0,철근콘크리트구조,공동주택,공동주택(아파트),18,3
경상남도 양산시 교동 1021번지,48330,11000,0,1021,0000,표제부,경상남도 양산시 교동1길 74 (교동),양산 교동 월드메르디앙 2단지,204동,0,0,0,0,철근콘크리트구조,공동주택,"관리사무소, 쉼터",0,1
경상남도 양산시 교동 1021번지,48330,11000,0,1021,0000,표제부,경상남도 양산시 교동1길 74 (교동),양산 교동 월드메르디앙 2단지,202동,0,459.3182,0,0,철근콘크리트구조,공동주택,공동주택(아파트),16,0
경상남도 양산시 교동 1021번지,48330,11000,0,1021,0000,표제부,경상남도 양산시 교동1길 74 (교동),양산 교동 월드메르디앙 2단지,205동,0,24.752,0,0,철근콘크리트구조,공동주택,지하주차장,0,3
경상남도 양산시 교동 1022번지,48330,11000,0,1022,0000,표제부,경상남도 양산시 교동1길 65 (교동),양산 교동 월드메르디앙 1단지,105동,0,0,0,0,철근콘크리트구조,공동주택,경로당,1,0
경상남도 양산시 교동 1022번지,48330,11000,0,1022,0000,표제부,경상남도 양산시 교동1길 65 (교동),양산 교동 월드메르디앙 1단지,103동,0,12.8,0,0,철근콘크리트구조,공동주택,경비실,1,0
경상남도 양산시 교동 1022번지,48330,11000,0,1022,0000,표제부,경상남도 양산시 교동1길 65 (교동),양산 교동 월드메르디앙 1단지,102동,0,726.1613,0,0,철근콘크리트구조,공동주택,공동주택(아파트),20,0
경상남도 양산시 교동 1022번지,48330,11000,0,1022,0000,표제부,경상남도 양산시 교동1길 65 (교동),양산 교동 월드메르디앙 1단지,106동,0,0,0,0,철근콘크리트구조,공동주택,지하주차장,0,2
경상남도 양산시 교동 1022번지,48330,11000,0,1022,0000,표제부,경상남도 양산시 교동1길 65 (교동),양산 교동 월드메르디앙 1단지,101동,0,639.0596,0,0,철근콘크리트구조,공동주택,공동주택(아파트),18,2
경상남도 양산시 교동 1022번지,48330,11000,0,1022,0000,표제부,경상남도 양산시 교동1길 65 (교동),양산 교동 월드메르디앙 1단지,104동,0,0,0,0,철근콘크리트구조,공동주택,관리사무소,1,0
경상남도 양산시 교동 산62-8번지,48330,11000,1,0062,0008,일반건축물,경상남도 양산시 교동1길 58-1 (교동),,,665,126,18.95,18.05,경량철골구조,제2종근린생활시설,제2종근린생활시설,1,0
경상남도 양산시 교동 산69번지,48330,11000,1,0069,0000,일반건축물,경상남도 양산시 교동1길 32-3 (교동),,,0,59,0,0,블록구조,단독주택,주택,1,0
경상남도 양산시 교동 산133번지,48330,11000,1,0133,0000,일반건축물,경상남도 양산시 회현1길 125 (교동),,제86동,0,538.05,0,0,일반철골구조,공장,공장,1,0
경상남도 양산시 교동 산133번지,48330,11000,1,0133,0000,일반건축물,경상남도 양산시 회현1길 125 (교동),삼양화학공업(주),,0,545,0,0,철근콘크리트구조,위험물저장및처리시설,위험물저장및처리시설,1,0
