대지위치,시군구코드,법정동코드,대지구분코드,번,지,대장종류코드명,도로명대지위치,건물명,동명칭,대지면적(㎡),건축면적(㎡),건폐율(%),연면적(㎡),용적률(%),구조코드명,주용도코드,기타용도,지상층수,지하층수
경상남도 양산시 동면 내송리 68-1번지,48330,31025,0,0068,0001,일반건축물,경상남도 양산시 내송대방길 87 (동면 내송리),,,240,130.9,54.54,122.4,51,철근콘크리트구조,04000,제2종근린생활시설,1,0
경상남도 양산시 동면 내송리 76-2번지,48330,31025,0,0076,0002,일반건축물,경상남도 양산시 내송2길 168-226 (동면 내송리),,,50,25.08,50.16,25.08,50.16,경량철골구조,21000,농림수산업용시설,1,0
경상남도 양산시 동면 내송리 78-1번지,48330,31025,0,0078,0001,일반건축물,경상남도 양산시 내송2길 168-187 (동면 내송리),,,90,48.72,54.13,48.72,54.13,경량철골구조,21000,농림수산업용시설(관리사),1,0
경상남도 양산시 동면 내송리 78-2번지,48330,31025,0,0078,0002,일반건축물,,,,98,49.5,50.51,49.5,50.51,경량철골구조,21000,농림수산업용시설,1,0
경상남도 양산시 동면 내송리 81번지,48330,31025,0,0081,0000,일반건축물,경상남도 양산시 내송2길 168-72 (동면 내송리),,,288,98.8,34.31,98.8,34.31,경량철골구조,21000,동물관련시설,1,0
경상남도 양산시 동면 내송리 110-3번지,48330,31025,0,0110,0003,일반건축물,,,,0,322.71,0,322.71,0,블록구조,01000,주택,1,0
경상남도 양산시 동면 내송리 111-1번지,48330,31025,0,0111,0001,일반건축물,경상남도 양산시 내송2길 85 (동면 내송리),,,374.55,151.76,40.52,146.96,39.23,기타조적구조,21000,축사및관리사,1,0
경상남도 양산시 동면 내송리 202-9번지,48330,31025,0,0202,0009,일반건축물,경상남도 양산시 내송2길 71-23 (동면 내송리),,A동,0,65.85,0,65.85,0,기타조적구조,21000,관리사,1,0
경상남도 양산시 동면 내송리 202-9번지,48330,31025,0,0202,0009,일반건축물,경상남도 양산시 내송2길 71-23 (동면 내송리),,B동,0,96,0,96,0,기타조적구조,21000,축사,1,0
경상남도 양산시 동면 내송리 217-1번지,48330,31025,0,0217,0001,일반건축물,경상남도 양산시 내송로 21 (동면 내송리),동면체육공원,1동,42594,95.85,0.23,99.89,0.23,철근콘크리트구조,13000,운동시설,2,0
경상남도 양산시 동면 내송리 221-2번지,48330,31025,0,0221,0002,일반건축물,,,,0,192.89,0,192.89,0,벽돌구조,01000,주택,1,0
경상남도 양산시 동면 내송리 224-1번지,48330,31025,0,0224,0001,일반건축물,경상남도 양산시 내송로 41 (동면 내송리),,,0,315,0,315,0,일반철골구조,17000,공장,1,0
경상남도 양산시 동면 내송리 224-1번지,48330,31025,0,0224,0001,일반건축물,경상남도 양산시 내송로 41 (동면 내송리),,,0,26.1,0,26.1,0,철근콘크리트구조,17000,"공장(사무소,화장실)",1,0
경상남도 양산시 동면 내송리 224-1번지,48330,31025,0,0224,0001,일반건축물,경상남도 양산시 내송로 41 (동면 내송리),,,0,622.11,0,622.11,0,경량철골구조,17000,공장,1,0
경상남도 양산시 동면 내송리 224-2번지,48330,31025,0,0224,0002,일반건축물,경상남도 양산시 내송로 37 (동면 내송리),동면사무소,,0,691.7,0,1129.12,0,철근콘크리트구조,03000,제1종근린생활시설,3,1
경상남도 양산시 동면 내송리 224-2번지,48330,31025,0,0224,0002,일반건축물,경상남도 양산시 내송로 37 (동면 내송리),동면사무소,,0,24.6,0,24.6,0,경량철골구조,03000,제1종근린생활시설,1,0
경상남도 양산시 동면 내송리 224-2번지,48330,31025,0,0224,0002,일반건축물,경상남도 양산시 내송로 37 (동면 내송리),동면사무소,,0,27.41,0,27.41,0,경량철골구조,03000,제1종근린생활시설,1,0
경상남도 양산시 동면 내송리 227번지,48330,31025,0,0227,0000,일반건축물,경상남도 양산시 내송2길 9-18 (동면 내송리),,,462.8,81.24,17.55,81.24,17.55,기타조적구조,01000,주택,1,0
경상남도 양산시 동면 내송리 227-1번지,48330,31025,0,0227,0001,일반건축물,경상남도 양산시 내송2길 9-20 (동면 내송리),,,0,75,0,75,0,일반목구조,01000,주택,1,0
경상남도 양산시 동면 내송리 229번지,48330,31025,0,0229,0000,일반건축물,경상남도 양산시 내송2길 9-16 (동면 내송리),,,0,0,0,114.82,0,블록구조,04000,"교회, 주택",1,0
경상남도 양산시 동면 내송리 230번지,48330,31025,0,0230,0000,일반건축물,경상남도 양산시 내송2길 9-10 (동면 내송리),,,0,101.85,0,101.85,0,일반목구조,01000,단독주택,1,0
경상남도 양산시 동면 내송리 232번지,48330,31025,0,0232,0000,일반건축물,경상남도 양산시 내송2길 9-8 (동면 내송리),,,189.18,98.89,52.27,98.89,52.27,철근콘크리트구조,01000,단독주택,1,0
경상남도 양산시 동면 내송리 233-5번지,48330,31025,0,0233,0005,일반건축물,경상남도 양산시 내송로 35 (동면 내송리),,,0,284.98,0,552.03,0,철근콘크리트구조,03000,창고및구판장,2,0
경상남도 양산시 동면 내송리 233-8번지,48330,31025,0,0233,0008,일반건축물,경상남도 양산시 내송로 33 (동면 내송리),,,262.4,81.98,31.24,74.22,28.29,철근콘크리트구조,01000,단독주택,1,0
경상남도 양산시 동면 내송리 233-9번지,48330,31025,0,0233,0009,일반건축물,경상남도 양산시 내송로 45 (동면 내송리),,,341.3,121.16,35.5,121.16,35.49956,기타조적구조,01000,"주택, 근린생활시설",1,0
경상남도 양산시 동면 내송리 233-17번지,48330,31025,0,0233,0017,일반건축물,경상남도 양산시 내송로 47 (동면 내송리),,,0,0,0,141.91,0,블록구조,Z3000,"점포, 주택",1,0
경상남도 양산시 동면 내송리 233-18번지,48330,31025,0,0233,0018,일반건축물,경상남도 양산시 내송2길 3 (동면 내송리),,,509.1,258.95,50.86,352.03,69.15,일반철골구조,04000,"단독주택,제2종근린생활시설",2,0
경상남도 양산시 동면 내송리 233-23번지,48330,31025,0,0233,0023,일반건축물,경상남도 양산시 내송로 43 (동면 내송리),,,278,62.49,22.48,112.2,40.36,경량철골구조,04000,제2종근린생활시설,2,0
경상남도 양산시 동면 내송리 233-25번지,48330,31025,0,0233,0025,일반건축물,경상남도 양산시 내송로 49 (동면 내송리),,,0,116.88,0,116.88,0,블록구조,03000,"구판장, 점포, 주택",1,0
경상남도 양산시 동면 내송리 233-26번지,48330,31025,0,0233,0026,일반건축물,경상남도 양산시 내송2길 9-15 (동면 내송리),,,381.1,101.04,26.51,98.1,25.741275,기타조적구조,01000,주택,1,0
경상남도 양산시 동면 내송리 233-28번지,48330,31025,0,0233,0028,일반건축물,경상남도 양산시 내송2길 9-9 (동면 내송리),,,581,131.97,22.71,131.61,22.65,블록구조,01000,단독주택(다가구),1,0
경상남도 양산시 동면 내송리 235번지,48330,31025,0,0235,0000,일반건축물,경상남도 양산시 내송1길 12-1 (동면 내송리),,,339.2,102.69,30.27,75.19,22.17,철근콘크리트구조,01000,"단독주택, 제1종근린생활시설",1,0
경상남도 양산시 동면 내송리 236번지,48330,31025,0,0236,0000,일반건축물,경상남도 양산시 내송1길 16-2 (동면 내송리),,,0,118.5,0,118.5,0,블록구조,01000,주택,1,0
경상남도 양산시 동면 내송리 241번지,48330,31025,0,0241,0000,일반건축물,경상남도 양산시 내송1길 10 (동면 내송리),,,0,0,0,228.03,0,블록구조,01000,주택,1,0
경상남도 양산시 동면 내송리 243번지,48330,31025,0,0243,0000,일반건축물,경상남도 양산시 내송1길 8 (동면 내송리),,,355,91.26,25.71,91.26,25.71,경량철골구조,01000,단독주택,1,0
경상남도 양산시 동면 내송리 245-1번지,48330,31025,0,0245,0001,일반건축물,경상남도 양산시 내송2길 7 (동면 내송리),,,0,0,0,164.16,0,일반목구조,01000,주택,1,0
경상남도 양산시 동면 내송리 245-2번지,48330,31025,0,0245,0002,일반건축물,경상남도 양산시 내송2길 9-5 (동면 내송리),,,0,69.96,0,69.96,0,블록구조,01000,주택,1,0
경상남도 양산시 동면 내송리 245-3번지,48330,31025,0,0245,0003,일반건축물,경상남도 양산시 내송2길 5 (동면 내송리),,B동,0,48.75,0,48.75,0,경량철골구조,01000,단독주택,1,0
경상남도 양산시 동면 내송리 245-3번지,48330,31025,0,0245,0003,일반건축물,경상남도 양산시 내송2길 5 (동면 내송리),,1동,0,83.79,0,83.79,0,블록구조,01000,단독주택,1,0
경상남도 양산시 동면 내송리 245-3번지,48330,31025,0,0245,0003,일반건축물,경상남도 양산시 내송2길 5 (동면 내송리),,A동,0,66.66,0,66.66,0,경량철골구조,04000,제2종근린생활시설,1,0
경상남도 양산시 동면 내송리 248번지,48330,31025,0,0248,0000,일반건축물,경상남도 양산시 내송2길 9 (동면 내송리),,제1동,138.6,74.1,53.46,148.2,106.93,일반철골구조,03000,제1종근린생활시설,2,0
경상남도 양산시 동면 내송리 250번지,48330,31025,0,0250,0000,일반건축물,경상남도 양산시 내송2길 13 (동면 내송리),,,481.9,161.59,33.53,237.72,49.33,철근콘크리트구조,03000,제1종근린생활시설,2,0
경상남도 양산시 동면 내송리 252번지,48330,31025,0,0252,0000,일반건축물,경상남도 양산시 내송2길 9-4 (동면 내송리),,,252.38,99.63,39.47,199.27,39.47,기타조적구조,01000,주택,1,1
경상남도 양산시 동면 내송리 253번지,48330,31025,0,0253,0000,일반건축물,경상남도 양산시 내송2길 11-5 (동면 내송리),,,0,22.68,0,22.68,0,경량철골구조,01000,단독주택,1,0
경상남도 양산시 동면 내송리 253번지,48330,31025,0,0253,0000,일반건축물,경상남도 양산시 내송2길 11-5 (동면 내송리),,,0,107.64,0,107.64,0,철근콘크리트구조,01000,단독주택,1,0
경상남도 양산시 동면 내송리 254번지,48330,31025,0,0254,0000,일반건축물,경상남도 양산시 내송2길 11-7 (동면 내송리),,,55.8,21.76,38.99,37.34,66.92,경량철골구조,01000,단독주택,2,0
경상남도 양산시 동면 내송리 255번지,48330,31025,0,0255,0000,일반건축물,경상남도 양산시 내송2길 11-9 (동면 내송리),,,158,76.54,48.44,99.63,63.06,벽돌구조,01000,단독주택,2,0
경상남도 양산시 동면 내송리 256번지,48330,31025,0,0256,0000,일반건축물,경상남도 양산시 내송2길 11-13 (동면 내송리),,,275.7,95.52,34.65,92.52,33.56,벽돌구조,01000,단독주택,1,0
경상남도 양산시 동면 내송리 256-1번지,48330,31025,0,0256,0001,일반건축물,경상남도 양산시 내송2길 11-11 (동면 내송리),,,223.8,119.94,53.59,97.53,43.58,블록구조,01000,단독주택,1,0
경상남도 양산시 동면 내송리 257번지,48330,31025,0,0257,0000,일반건축물,경상남도 양산시 내송2길 9-12 (동면 내송리),,,0,97.28,0,97.28,0,일반목구조,01000,주택,1,0
경상남도 양산시 동면 내송리 258번지,48330,31025,0,0258,0000,일반건축물,경상남도 양산시 내송2길 11-19 (동면 내송리),,,0,77.3,0,77.3,0,블록구조,01000,주택,1,0
경상남도 양산시 동면 내송리 259번지,48330,31025,0,0259,0000,일반건축물,경상남도 양산시 내송2길 11-21 (동면 내송리),,,0,84.05,0,84.05,0,블록구조,01000,주택,1,0
경상남도 양산시 동면 내송리 260번지,48330,31025,0,0260,0000,일반건축물,경상남도 양산시 내송2길 11-18 (동면 내송리),,,0,163.75,0,163.75,0,블록구조,01000,주택,1,0
경상남도 양산시 동면 내송리 261번지,48330,31025,0,0261,0000,일반건축물,경상남도 양산시 내송2길 13-24 (동면 내송리),,,0,0,0,112.1,0,일반목구조,01000,주택,1,0
경상남도 양산시 동면 내송리 262번지,48330,31025,0,0262,0000,일반건축물,경상남도 양산시 내송2길 13-13 (동면 내송리),,부1동,531.9,16.5,3.1021,16.5,3.1021,경량철골구조,01000,단독주택,1,0
경상남도 양산시 동면 내송리 262번지,48330,31025,0,0262,0000,일반건축물,경상남도 양산시 내송2길 13-13 (동면 내송리),,주1동,531.9,98.73,18.56,97.65,18.36,경량철골구조,01000,단독주택,1,0
경상남도 양산시 동면 내송리 263번지,48330,31025,0,0263,0000,일반건축물,경상남도 양산시 내송2길 11-16 (동면 내송리),,,0,139.3,0,139.3,0,블록구조,01000,주택,1,0
경상남도 양산시 동면 내송리 266번지,48330,31025,0,0266,0000,일반건축물,경상남도 양산시 내송2길 13-7 (동면 내송리),,,0,120.59,0,120.59,0,일반목구조,01000,주택,1,0
경상남도 양산시 동면 내송리 269번지,48330,31025,0,0269,0000,일반건축물,경상남도 양산시 내송2길 13-1 (동면 내송리),,,0,112.09,0,112.09,0,벽돌구조,01000,주택,1,0
경상남도 양산시 동면 내송리 271번지,48330,31025,0,0271,0000,일반건축물,경상남도 양산시 내송2길 13-2 (동면 내송리),,,0,75.33,0,107.01,0,블록구조,01000,주택,2,0
경상남도 양산시 동면 내송리 272번지,48330,31025,0,0272,0000,일반건축물,경상남도 양산시 내송2길 17 (동면 내송리),,,0,46.2,0,46.2,0,블록구조,01000,주택,1,0
경상남도 양산시 동면 내송리 273번지,48330,31025,0,0273,0000,일반건축물,경상남도 양산시 내송2길 19 (동면 내송리),,,0,58.34,0,58.34,0,블록구조,01000,주택,1,0
경상남도 양산시 동면 내송리 274번지,48330,31025,0,0274,0000,일반건축물,경상남도 양산시 내송2길 19-5 (동면 내송리),,,610.5,139.35,22.83,139.35,22.83,기타조적구조,01000,주택,1,0
경상남도 양산시 동면 내송리 275번지,48330,31025,0,0275,0000,일반건축물,경상남도 양산시 내송2길 19-9 (동면 내송리),,,0,106.4,0,106.4,0,벽돌구조,01000,주택,1,0
경상남도 양산시 동면 내송리 276번지,48330,31025,0,0276,0000,일반건축물,경상남도 양산시 내송2길 19-11 (동면 내송리),,,0,61.05,0,61.05,0,블록구조,01000,주택,1,0
경상남도 양산시 동면 내송리 277번지,48330,31025,0,0277,0000,일반건축물,경상남도 양산시 내송2길 13-20 (동면 내송리),,,421.7,98.7,23.41,90.9,21.56,벽돌구조,01000,단독주택,1,0
경상남도 양산시 동면 내송리 279번지,48330,31025,0,0279,0000,일반건축물,경상남도 양산시 내송2길 19-13 (동면 내송리),,,0,65.55,0,65.55,0,블록구조,01000,주택,1,0
경상남도 양산시 동면 내송리 287번지,48330,31025,0,0287,0000,일반건축물,경상남도 양산시 내송2길 19-15 (동면 내송리),,,0,123.33,0,123.33,0,벽돌구조,01000,주택,1,0
경상남도 양산시 동면 내송리 290번지,48330,31025,0,0290,0000,일반건축물,경상남도 양산시 내송2길 29-15 (동면 내송리),,,348.1,112.78,32.4,106.38,30.56,벽돌구조,01000,단독주택,1,0
경상남도 양산시 동면 내송리 290-1번지,48330,31025,0,0290,0001,일반건축물,경상남도 양산시 내송2길 29-11 (동면 내송리),,,224.1,109.62,48.92,109.62,48.92,철근콘크리트구조,01000,단독주택,1,0
경상남도 양산시 동면 내송리 291번지,48330,31025,0,0291,0000,일반건축물,경상남도 양산시 내송2길 29 (동면 내송리),,,374.6,113.44,30.28,113.44,30.28,기타조적구조,01000,주택,1,0
경상남도 양산시 동면 내송리 292번지,48330,31025,0,0292,0000,일반건축물,경상남도 양산시 내송2길 27 (동면 내송리),,,554,162.98,29.42,103.28,18.64,철근콘크리트구조,01000,단독주택,1,0
경상남도 양산시 동면 내송리 293번지,48330,31025,0,0293,0000,일반건축물,경상남도 양산시 내송2길 25 (동면 내송리),,,0,133.14,0,133.14,0,일반목구조,01000,주택,1,0
경상남도 양산시 동면 내송리 294번지,48330,31025,0,0294,0000,일반건축물,경상남도 양산시 내송2길 23-1 (동면 내송리),,,233.3,80.7,34.59,80.7,34.59,경량철골구조,01000,단독주택,1,0
경상남도 양산시 동면 내송리 295번지,48330,31025,0,0295,0000,일반건축물,경상남도 양산시 내송2길 23 (동면 내송리),,,283.2,82.81,29.24,82.81,29.24,철근콘크리트구조,01000,단독주택,1,0
경상남도 양산시 동면 내송리 296번지,48330,31025,0,0296,0000,일반건축물,경상남도 양산시 내송2길 19-12 (동면 내송리),오르막,제1동,244,117.31,48.078,165.07,67.652,철근콘크리트구조,01000,단독주택,2,0
경상남도 양산시 동면 내송리 297번지,48330,31025,0,0297,0000,일반건축물,경상남도 양산시 내송2길 21-1 (동면 내송리),,,0,167.83,0,167.83,0,일반목구조,01000,주택,1,0
경상남도 양산시 동면 내송리 298번지,48330,31025,0,0298,0000,일반건축물,경상남도 양산시 내송2길 21 (동면 내송리),,,247,94.86,38.41,149.4,60.49,일반철골구조,01000,단독주택,2,0
경상남도 양산시 동면 내송리 633-1번지,48330,31025,0,0633,0001,일반건축물,경상남도 양산시 목장길 130 (동면 내송리),,,810,62.38,7.7,62.38,7.7,블록구조,01000,단독주택,1,0
경상남도 양산시 동면 내송리 633-2번지,48330,31025,0,0633,0002,일반건축물,경상남도 양산시 목장길 124 (동면 내송리),,,45,22.63,50.29,22.63,50.29,경량철골구조,21000,동물및식물관련시설,1,0
경상남도 양산시 동면 내송리 671번지,48330,31025,0,0671,0000,일반건축물,경상남도 양산시 내송1길 22 (동면 내송리),,,259.9,134.07,51.59,122.28,47.05,철근콘크리트구조,01000,단독주택,1,0
경상남도 양산시 동면 내송리 673번지,48330,31025,0,0673,0000,일반건축물,경상남도 양산시 내송1길 24 (동면 내송리),,,0,60.4,0,60.4,0,블록구조,01000,주택,1,0
경상남도 양산시 동면 내송리 673번지,48330,31025,0,0673,0000,일반건축물,경상남도 양산시 내송1길 24 (동면 내송리),,2동,0,74.78,0,141.34,0,일반철골구조,04000,제2종근린생활시설,2,0
경상남도 양산시 동면 내송리 674번지,48330,31025,0,0674,0000,일반건축물,경상남도 양산시 내송1길 26 (동면 내송리),,,166.3,99.7,59.95,265.11,159.42,철근콘크리트구조,04000,제2종근린생활시설 및 단독주택,3,0
경상남도 양산시 동면 내송리 677-2번지,48330,31025,0,0677,0002,일반건축물,경상남도 양산시 내송1길 29 (동면 내송리),,,177,87.16,49.24,87.16,49.24,벽돌구조,01000,단독주택,1,0
경상남도 양산시 동면 내송리 678-3번지,48330,31025,0,0678,0003,일반건축물,경상남도 양산시 내송1길 27 (동면 내송리),,,1054.84,367.39,34.83,363.48,34.46,블록구조,01000,"주택,버섯재배사",1,0
경상남도 양산시 동면 내송리 686-1번지,48330,31025,0,0686,0001,일반건축물,경상남도 양산시 내송1길 23-4 (동면 내송리),,,0,59.7,0,59.7,0,블록구조,01000,주택,1,0
경상남도 양산시 동면 내송리 689번지,48330,31025,0,0689,0000,일반건축물,경상남도 양산시 내송1길 31-1 (동면 내송리),,,0,114.27,0,114.27,0,블록구조,01000,주택,1,0
경상남도 양산시 동면 내송리 704번지,48330,31025,0,0704,0000,일반건축물,경상남도 양산시 내송1길 31-32 (동면 내송리),,,424.1,252,59.42,252,59.42,일반철골구조,04000,제2종근린생활시설,1,0
경상남도 양산시 동면 내송리 706번지,48330,31025,0,0706,0000,일반건축물,경상남도 양산시 내송1길 31 (동면 내송리),,,0,93.83,0,93.825,0,벽돌구조,01000,주택,1,0
경상남도 양산시 동면 내송리 707번지,48330,31025,0,0707,0000,일반건축물,경상남도 양산시 내송1길 33 (동면 내송리),,,925.1,301.51,32.59,288.91,31.23,기타조적구조,01000,주택,1,0
경상남도 양산시 동면 내송리 708번지,48330,31025,0,0708,0000,일반건축물,경상남도 양산시 내송1길 30 (동면 내송리),,,203.4,91.51,44.99,91.51,44.99,벽돌구조,01000,단독주택,1,0
경상남도 양산시 동면 내송리 709번지,48330,31025,0,0709,0000,일반건축물,경상남도 양산시 내송1길 28 (동면 내송리),,,0,86.7,0,86.7,0,기타조적구조,01000,주택,1,0
경상남도 양산시 동면 내송리 710번지,48330,31025,0,0710,0000,일반건축물,경상남도 양산시 내송1길 28-1 (동면 내송리),,,0,104.43,0,104.43,0,블록구조,01000,"주택,축사",1,0
경상남도 양산시 동면 내송리 712번지,48330,31025,0,0712,0000,일반건축물,경상남도 양산시 내송1길 20 (동면 내송리),,,0,148.85,0,148.85,0,기타조적구조,01000,주택,1,0
경상남도 양산시 동면 내송리 714번지,48330,31025,0,0714,0000,일반건축물,경상남도 양산시 내송1길 20 (동면 내송리),,,363.1,68.4,18.84,68.4,18.84,일반철골구조,18000,창고시설,1,0
경상남도 양산시 동면 내송리 716번지,48330,31025,0,0716,0000,일반건축물,경상남도 양산시 내송1길 14 (동면 내송리),,,243,115.24,47.42,115.24,47.42,기타조적구조,01000,주택,1,0
경상남도 양산시 동면 내송리 717번지,48330,31025,0,0717,0000,일반건축물,경상남도 양산시 내송1길 16-1 (동면 내송리),,,0,106.92,0,106.92,0,블록구조,01000,주택,1,0
경상남도 양산시 동면 내송리 720번지,48330,31025,0,0720,0000,일반건축물,경상남도 양산시 내송1길 20 (동면 내송리),,,0,59.3,0,59.3,0,일반목구조,01000,주택,1,0
경상남도 양산시 동면 내송리 721번지,48330,31025,0,0721,0000,일반건축물,경상남도 양산시 내송1길 20 (동면 내송리),,,0,51.77,0,51.77,0,블록구조,01000,주택,1,0
경상남도 양산시 동면 내송리 722-6번지,48330,31025,0,0722,0006,일반건축물,경상남도 양산시 내송로 16 (동면 내송리),,A동,0,244.11,0,244.11,0,경량철골구조,04000,제2종근린생활시설,1,0
경상남도 양산시 동면 내송리 722-6번지,48330,31025,0,0722,0006,일반건축물,경상남도 양산시 내송로 16 (동면 내송리),,C동,0,13.11,0,13.11,0,경량철골구조,04000,제2종근린생활시설,1,0
경상남도 양산시 동면 내송리 722-6번지,48330,31025,0,0722,0006,일반건축물,경상남도 양산시 내송로 16 (동면 내송리),,B동,0,231,0,231,0,경량철골구조,04000,제2종근린생활시설,1,0
경상남도 양산시 동면 내송리 722-14번지,48330,31025,0,0722,0014,일반건축물,경상남도 양산시 내송1길 36 (동면 내송리),,,0,110.97,0,110.97,0,블록구조,01000,주택,1,0
경상남도 양산시 동면 내송리 722-15번지,48330,31025,0,0722,0015,일반건축물,경상남도 양산시 내송1길 38 (동면 내송리),,,0,157.04,0,157.04,0,블록구조,01000,주택,1,0
경상남도 양산시 동면 내송리 722-18번지,48330,31025,0,0722,0018,일반건축물,경상남도 양산시 내송1길 41 (동면 내송리),,,0,0,0,63.29,0,블록구조,01000,주택,1,0
경상남도 양산시 동면 내송리 722-20번지,48330,31025,0,0722,0020,일반건축물,경상남도 양산시 내송1길 40 (동면 내송리),,,0,125.95,0,125.95,0,블록구조,01000,주택,1,0
경상남도 양산시 동면 내송리 722-28번지,48330,31025,0,0722,0028,일반건축물,경상남도 양산시 내송1길 40-2 (동면 내송리),,,225,77.61,34.49,119.19,52.97,철근콘크리트구조,01000,단독주택,2,0
경상남도 양산시 동면 내송리 722-29번지,48330,31025,0,0722,0029,일반건축물,경상남도 양산시 내송1길 42 (동면 내송리),,,339.8,114.22,33.61,114.22,33.61,블록구조,01000,주택,1,0
경상남도 양산시 동면 내송리 722-31번지,48330,31025,0,0722,0031,일반건축물,경상남도 양산시 내송1길 40-4 (동면 내송리),,,255,107.33,42.09,99.7,39.1,벽돌구조,01000,단독주택,1,0
경상남도 양산시 동면 내송리 722-34번지,48330,31025,0,0722,0034,일반건축물,경상남도 양산시 내송1길 40-7 (동면 내송리),,,650,154.51,23.77,211.83,32.59,철근콘크리트구조,01000,단독주택,2,0
경상남도 양산시 동면 내송리 722-41번지,48330,31025,0,0722,0041,일반건축물,경상남도 양산시 내송1길 40-3 (동면 내송리),,,400.6,111.29,27.78,169.98,42.43,철근콘크리트구조,01000,단독주택,2,0
경상남도 양산시 동면 내송리 725-1번지,48330,31025,0,0725,0001,일반건축물,경상남도 양산시 내송로 33-1 (동면 내송리),,,0,133.21,0,133.21,0,블록구조,01000,주택,1,0
경상남도 양산시 동면 내송리 725-2번지,48330,31025,0,0725,0002,일반건축물,경상남도 양산시 내송로 31 (동면 내송리),,,0,49.5,0,49.5,0,경량철골구조,04000,제2종근린생활시설,1,0
경상남도 양산시 동면 내송리 725-2번지,48330,31025,0,0725,0002,일반건축물,경상남도 양산시 내송로 31 (동면 내송리),,,0,81.18,0,81.18,0,블록구조,04000,제2종근린생활시설,1,0
경상남도 양산시 동면 내송리 725-2번지,48330,31025,0,0725,0002,일반건축물,경상남도 양산시 내송로 31 (동면 내송리),,,0,6.9,0,6.9,0,경량철골구조,04000,제2종근린생활시설,1,0
경상남도 양산시 동면 내송리 725-4번지,48330,31025,0,0725,0004,일반건축물,경상남도 양산시 내송로 29-1 (동면 내송리),,1동,385.2,55,14.28,55,14.28,일반목구조,01000,단독주택,1,0
경상남도 양산시 동면 내송리 727-4번지,48330,31025,0,0727,0004,일반건축물,경상남도 양산시 내송로 27 (동면 내송리),,,281,107.44,38.23,107.44,38.23,경량철골구조,01000,주택,1,0
경상남도 양산시 동면 내송리 728-1번지,48330,31025,0,0728,0001,일반건축물,경상남도 양산시 내송로 17 (동면 내송리),부경교회,,1033,528.5,51.16,1154.58,111.77,철근콘크리트구조,06000,종교시설,3,0
경상남도 양산시 동면 내송리 728-5번지,48330,31025,0,0728,0005,일반건축물,경상남도 양산시 내송로 19 (동면 내송리),,,284,131.96,46.46,129.92,45.75,경량철골구조,01000,단독주택,1,0
경상남도 양산시 동면 내송리 728-10번지,48330,31025,0,0728,0010,일반건축물,경상남도 양산시 내송로 17-1 (동면 내송리),,,395,235.6,59.65,235.6,59.65,경량철골구조,20000,자동차관련시설,1,0
경상남도 양산시 동면 내송리 729-1번지,48330,31025,0,0729,0001,일반건축물,,동면 내송리 729-1,주1동,1278,336,26.29,422,33.02,일반철골구조,04000,수리점,2,0
경상남도 양산시 동면 내송리 729-1번지,48330,31025,0,0729,0001,일반건축물,,동면 내송리 729-1,부1동,1278,6,0.47,6,0.47,경량철골구조,04000,제2종근린생활시설,1,0
경상남도 양산시 동면 내송리 729-1번지,48330,31025,0,0729,0001,일반건축물,,동면 내송리 729-1,부2동,1278,6,0.47,6,0.47,경량철골구조,04000,제2종근린생활시설,1,0
경상남도 양산시 동면 내송리 743번지,48330,31025,0,0743,0000,일반건축물,경상남도 양산시 내송로 11 (동면 내송리),,제1동,683,192,28.11,576,84.33,경량철골구조,04000,제2종근린생활시설,3,0
경상남도 양산시 동면 내송리 743-3번지,48330,31025,0,0743,0003,일반건축물,경상남도 양산시 내송로 9 (동면 내송리),,2동,723,7.5,1,7.5,1,경량철골구조,04000,제2종근린생활시설,1,0
경상남도 양산시 동면 내송리 743-3번지,48330,31025,0,0743,0003,일반건축물,경상남도 양산시 내송로 9 (동면 내송리),,주1동,723,160.5,22.2,160.5,22.2,경량철골구조,04000,제2종근린생활시설,1,0
경상남도 양산시 동면 내송리 746-5번지,48330,31025,0,0746,0005,일반건축물,경상남도 양산시 내송로 5 (동면 내송리),,,196,66.6,33.98,66.6,33.98,블록구조,18000,창고시설,1,0
경상남도 양산시 동면 내송리 766번지,48330,31025,0,0766,0000,일반건축물,,,,2736,40.42,1.48,40.42,1.48,블록구조,21000,동물및식물관련시설,1,0
경상남도 양산시 동면 내송리 780-1번지,48330,31025,0,0780,0001,일반건축물,경상남도 양산시 목장길 48 (동면 내송리),,,856,472.78,55.23,515.08,60.17,벽돌구조,04000,"제2종근린생활시설,동물및식물관련시설",2,0
경상남도 양산시 동면 내송리 780-1번지,48330,31025,0,0780,0001,일반건축물,경상남도 양산시 목장길 48 (동면 내송리),,,0,297.6,0,297.6,0,철근콘크리트구조,21000,동물및식물관련시설,1,0
경상남도 양산시 동면 내송리 780-3번지,48330,31025,0,0780,0003,일반건축물,경상남도 양산시 목장길 37 (동면 내송리),,,0,694,0,720,0,기타강구조,21000,양어장,1,1
경상남도 양산시 동면 내송리 803-22번지,48330,31025,0,0803,0022,일반건축물,경상남도 양산시 내송1길 23-3 (동면 내송리),,,0,0,0,91.95,0,일반목구조,01000,주택,1,0
경상남도 양산시 동면 내송리 803-23번지,48330,31025,0,0803,0023,일반건축물,경상남도 양산시 내송1길 23-2 (동면 내송리),,,0,50.66,0,50.66,0,블록구조,01000,주택,1,0
경상남도 양산시 동면 내송리 803-24번지,48330,31025,0,0803,0024,일반건축물,경상남도 양산시 내송1길 23-1 (동면 내송리),,,0,35.28,0,35.28,0,일반목구조,01000,주택,1,0
경상남도 양산시 동면 내송리 803-25번지,48330,31025,0,0803,0025,일반건축물,경상남도 양산시 내송1길 23 (동면 내송리),,,0,132.03,0,132.03,0,기타조적구조,01000,주택,1,0
경상남도 양산시 동면 내송리 842-1번지,48330,31025,0,0842,0001,일반건축물,경상남도 양산시 내송내안5길 26-1 (동면 내송리),,,249.4,117.07,46.94,184.48,73.97,철근콘크리트구조,01000,단독주택,2,0
경상남도 양산시 동면 내송리 842-7번지,48330,31025,0,0842,0007,일반건축물,경상남도 양산시 내송내안4길 23-6 (동면 내송리),,,249.3,124.42,49.91,315.59,110.26,일반목구조,01000,단독주택,3,0
경상남도 양산시 동면 내송리 844-1번지,48330,31025,0,0844,0001,일반건축물,경상남도 양산시 내송내안5길 23 (동면 내송리),,,260.7,129.66,49.74,177.26,67.99,일반목구조,01000,단독주택,2,0
경상남도 양산시 동면 내송리 844-2번지,48330,31025,0,0844,0002,일반건축물,경상남도 양산시 내송내안5길 21 (동면 내송리),,,260.5,127.27,48.86,127.27,48.86,일반목구조,01000,단독주택,1,0
경상남도 양산시 동면 내송리 844-7번지,48330,31025,0,0844,0007,일반건축물,경상남도 양산시 내송내안5길 13 (동면 내송리),,제1동,262.5,107.64,41.01,159.47,60.75,일반목구조,01000,단독주택,2,0
경상남도 양산시 동면 내송리 846-1번지,48330,31025,0,0846,0001,일반건축물,경상남도 양산시 내송내안5길 11 (동면 내송리),,,265.3,132.56,49.97,199.52,75.21,철근콘크리트구조,01000,단독주택,2,0
경상남도 양산시 동면 내송리 849-1번지,48330,31025,0,0849,0001,일반건축물,경상남도 양산시 내송내안5길 24 (동면 내송리),시원한가?,제1동,264,131.96,49.9849,194.39,73.6326,철근콘크리트구조,01000,단독주택,3,0
경상남도 양산시 동면 내송리 850-7번지,48330,31025,0,0850,0007,일반건축물,경상남도 양산시 내송내안4길 17-1 (동면 내송리),,1동,262.5,123.41,47.01,163.07,62.12,철근콘크리트구조,01000,단독주택,2,0
경상남도 양산시 동면 내송리 855-10번지,48330,31025,0,0855,0010,일반건축물,경상남도 양산시 내송내안5길 2 (동면 내송리),,제1동,240.8,108.3,44.98,99.3,41.24,철근콘크리트구조,01000,단독주택,2,0
경상남도 양산시 동면 내송리 856-3번지,48330,31025,0,0856,0003,일반건축물,경상남도 양산시 내송내안길 21 (동면 내송리),,제1동,276,148.84,53.93,547.46,198.36,철근콘크리트구조,01000,단독주택,4,0
경상남도 양산시 동면 내송리 857-1번지,48330,31025,0,0857,0001,일반건축물,경상남도 양산시 내송내안길 19 (동면 내송리),해들마루,해들마루,264.9,158.24,59.74,524.73,198.09,철근콘크리트구조,01000,단독주택,4,0
경상남도 양산시 동면 내송리 858-2번지,48330,31025,0,0858,0002,일반건축물,경상남도 양산시 내송내안3길 23 (동면 내송리),,제1동,283.8,89.09,31.39,152.71,48.17,철근콘크리트구조,01000,단독주택,2,0
경상남도 양산시 동면 내송리 858-2번지,48330,31025,0,0858,0002,일반건축물,경상남도 양산시 내송내안3길 23 (동면 내송리),,부속건축물제1동,283.8,16,5.64,16,5.64,철근콘크리트구조,01000,단독주택,1,0
경상남도 양산시 동면 내송리 861-1번지,48330,31025,0,0861,0001,일반건축물,경상남도 양산시 내송내안4길 12 (동면 내송리),,주건축물제1동,252.1,83.36,33.07,138.48,54.93,일반목구조,01000,단독주택,2,0
경상남도 양산시 동면 내송리 861-3번지,48330,31025,0,0861,0003,일반건축물,경상남도 양산시 내송내안4길 8 (동면 내송리),,제2동,251,6,2.39,6,2.39,경량철골구조,01000,단독주택,1,0
경상남도 양산시 동면 내송리 861-3번지,48330,31025,0,0861,0003,일반건축물,경상남도 양산시 내송내안4길 8 (동면 내송리),,제1동,251,92.65,36.91,155.81,62.08,일반목구조,01000,단독주택,2,0
경상남도 양산시 동면 내송리 861-9번지,48330,31025,0,0861,0009,일반건축물,경상남도 양산시 내송내안3길 5 (동면 내송리),,,251.1,51.93,20.681,51.93,20.681,경량철골구조,01000,단독주택,1,0
경상남도 양산시 동면 내송리 861-10번지,48330,31025,0,0861,0010,일반건축물,경상남도 양산시 내송내안3길 7 (동면 내송리),,제1동,251,115.2,45.9,182.88,72.86,철근콘크리트구조,01000,단독주택,2,0
경상남도 양산시 동면 내송리 863-5번지,48330,31025,0,0863,0005,일반건축물,경상남도 양산시 내송로 64 (동면 내송리),,제1동,263,157.36,59.83,314.72,119.67,철근콘크리트구조,01000,단독주택,2,0
경상남도 양산시 동면 내송리 863-7번지,48330,31025,0,0863,0007,일반건축물,경상남도 양산시 내송로 66 (동면 내송리),,제1동,349,208.81,59.83,885.65,193.49,철근콘크리트구조,01000,"단독주택, 제2종근린생활시설",4,1
경상남도 양산시 동면 내송리 866-1번지,48330,31025,0,0866,0001,표제부,경상남도 양산시 내송내안3길 2 (동면 내송리),지엠프라자,,573.4,342.66,59.76,1225.78,213.77,철근콘크리트구조,03000,제1종근린생활시설,4,0
경상남도 양산시 동면 내송리 867번지,48330,31025,0,0867,0000,일반건축물,경상남도 양산시 내송내안3길 4-11 (동면 내송리),,주1동,1598.1,317.86,19.89,317.86,19.89,일반철골구조,04000,일반음식점,1,0
경상남도 양산시 동면 내송리 868-1번지,48330,31025,0,0868,0001,표제부,경상남도 양산시 내송내안길 9 (동면 내송리),더 에이플러스,,505,297.6,58.93,1100.19,217.86,철근콘크리트구조,03000,제1종근린생활시설,4,0
경상남도 양산시 동면 내송리 870-1번지,48330,31025,0,0870,0001,표제부,경상남도 양산시 내송내안2길 9 (동면 내송리),화신센트럴,1동,519,309.38,59.61,1406.63,219.82,철근콘크리트구조,04000,제2종근린생활시설,4,1
경상남도 양산시 동면 내송리 870-2번지,48330,31025,0,0870,0002,일반건축물,경상남도 양산시 내송내안2길 11 (동면 내송리),양산농협사송신도시지점,제1동,504,300.4,59.6,964.74,114.42,철근콘크리트구조,04000,제2종근린생활시설,2,1
경상남도 양산시 동면 내송리 870-3번지,48330,31025,0,0870,0003,표제부,경상남도 양산시 내송내안2길 13 (동면 내송리),송림플러스,제1동,977,582.22,59.5926,2788.88,219.9724,철근콘크리트구조,03000,제2종근린생활시설,4,1
경상남도 양산시 동면 내송리 871-1번지,48330,31025,0,0871,0001,표제부,경상남도 양산시 내송내안2길 17 (동면 내송리),골든프라자,,513,297.28,57.95,974.88,190.04,철근콘크리트구조,03000,"제1,2종근린생활시설",4,0
경상남도 양산시 동면 내송리 871-3번지,48330,31025,0,0871,0003,표제부,경상남도 양산시 내송내안2길 23 (동면 내송리),트윈플렉스 빌딩,주1동,570.8,337.53,59.13,1248.386,218.71,철근콘크리트구조,04000,제2종근린생활시설,4,0
경상남도 양산시 동면 내송리 871-4번지,48330,31025,0,0871,0004,표제부,경상남도 양산시 내송내안2길 25 (동면 내송리),승원프라자,제1동,532,316.19,59.43,973.44,182.98,철근콘크리트구조,04000,제2종근린생활시설,4,0
경상남도 양산시 동면 내송리 872-4번지,48330,31025,0,0872,0004,일반건축물,경상남도 양산시 내송내안2길 10 (동면 내송리),피렌체하우스,,265.1,158.24,59.69,415.7,156.81,철근콘크리트구조,01000,단독주택,3,0
경상남도 양산시 동면 내송리 874-4번지,48330,31025,0,0874,0004,일반건축물,경상남도 양산시 내송내안1길 11 (동면 내송리),,,296,175.31,59.23,475.88,160.77,철근콘크리트구조,01000,단독주택,3,0
경상남도 양산시 동면 내송리 876-5번지,48330,31025,0,0876,0005,일반건축물,경상남도 양산시 내송내안2길 28 (동면 내송리),화신센트럴빌,1동,285.1,170.26,59.72,567.56,199.07,철근콘크리트구조,01000,단독주택,4,0
경상남도 양산시 동면 내송리 876-6번지,48330,31025,0,0876,0006,일반건축물,경상남도 양산시 내송내안2길 26 (동면 내송리),,제1동,283,167.62,59.23,435.33,153.83,철근콘크리트구조,01000,단독주택,3,0
경상남도 양산시 동면 내송리 876-9번지,48330,31025,0,0876,0009,일반건축물,경상남도 양산시 내송내안2길 22 (동면 내송리),,제1동,286.3,170.92,59.6996,564.74,197.2546,철근콘크리트구조,01000,단독주택,4,0
경상남도 양산시 동면 내송리 877번지,48330,31025,0,0877,0000,표제부,경상남도 양산시 내송내안1길 28 (동면 내송리),사송네오코아,사송네오코아,1030,823.64,79.97,3242.3,314.79,철골철근콘크리트구조,20000,자동차관련시설,4,0
경상남도 양산시 동면 내송리 878-5번지,48330,31025,0,0878,0005,일반건축물,경상남도 양산시 내송내안1길 33 (동면 내송리),,제1동,257.6,152.46,59.18,509.29,197.71,철근콘크리트구조,01000,단독주택,4,0
경상남도 양산시 동면 내송리 878-7번지,48330,31025,0,0878,0007,일반건축물,경상남도 양산시 내송내안1길 35 (동면 내송리),,제1동,256.8,153.98,59.96,422.45,164.51,철근콘크리트구조,01000,단독주택,3,0
경상남도 양산시 동면 내송리 879-1번지,48330,31025,0,0879,0001,일반건축물,경상남도 양산시 내송내안2길 29 (동면 내송리),우성센트럴,,593,355.44,59.94,1301.13,214.86,철근콘크리트구조,03000,제1종근린생활시설,4,0
경상남도 양산시 동면 내송리 879-2번지,48330,31025,0,0879,0002,표제부,경상남도 양산시 내송내안2길 33 (동면 내송리),,제1동,589,352.28,59.81,1267.66,215.22,철근콘크리트구조,03000,제1종근린생활시설,4,0
경상남도 양산시 동면 내송리 879-3번지,48330,31025,0,0879,0003,표제부,경상남도 양산시 내송내안2길 35 (동면 내송리),다윈프라자,1동,510,288.45,56.56,824.79,161.72,철근콘크리트구조,04000,제2종근린생활시설,3,0
경상남도 양산시 동면 내송리 880-1번지,48330,31025,0,0880,0001,표제부,경상남도 양산시 내송내안2길 39 (동면 내송리),,,440.1,249.48,56.69,823.32,187.08,철근콘크리트구조,03000,제1종근린생활시설,4,0
경상남도 양산시 동면 내송리 880-2번지,48330,31025,0,0880,0002,표제부,경상남도 양산시 내송내안2길 41 (동면 내송리),사송 웰시빌딩2,,476,271.86,57.1134,973.18,204.4496,철근콘크리트구조,03000,제1종근린생활시설,4,0
경상남도 양산시 동면 내송리 880-3번지,48330,31025,0,0880,0003,표제부,경상남도 양산시 내송큰들로 29 (동면 내송리),에듀프라자2,,511,261.87,51.25,968.82,189.59,철근콘크리트구조,03000,제1종근린생활시설,4,0
경상남도 양산시 동면 내송리 880-4번지,48330,31025,0,0880,0004,표제부,경상남도 양산시 내송큰들로 27 (동면 내송리),플러스존,,903,539.93,59.79,2700.78,219.88,철근콘크리트구조,03000,제1종근린생활시설,4,1
경상남도 양산시 동면 내송리 881-1번지,48330,31025,0,0881,0001,일반건축물,경상남도 양산시 내송큰들1길 30 (동면 내송리),,제1동,283,168.96,59.7,386.19,136.46,철근콘크리트구조,01000,단독주택,3,0
경상남도 양산시 동면 내송리 881-2번지,48330,31025,0,0881,0002,일반건축물,경상남도 양산시 내송큰들1길 28 (동면 내송리),,제1동,265,158.39,59.77,528.37,199.38,철근콘크리트구조,01000,단독주택,4,0
경상남도 양산시 동면 내송리 883번지,48330,31025,0,0883,0000,일반건축물,경상남도 양산시 내송큰들1길 24 (동면 내송리),사송1유치원,제1동,4000,1668.84,41.72,4983.5,114.78,철근콘크리트구조,10000,교육연구시설,3,1
경상남도 양산시 동면 내송리 884번지,48330,31025,0,0884,0000,일반건축물,경상남도 양산시 내송큰들1길 14 (동면 내송리),동면초등학교,지킴이실,0,10,0,10,0,기타구조,10000,초등학교,1,0
경상남도 양산시 동면 내송리 884번지,48330,31025,0,0884,0000,일반건축물,경상남도 양산시 내송큰들1길 14 (동면 내송리),동면초등학교,체육창고,0,44.11,0,29,0,철근콘크리트구조,10000,초등학교,1,0
경상남도 양산시 동면 내송리 884번지,48330,31025,0,0884,0000,일반건축물,경상남도 양산시 내송큰들1길 14 (동면 내송리),동면초등학교,지킴이실,0,10,0,10,0,기타구조,10000,초등학교,1,0
경상남도 양산시 동면 내송리 884번지,48330,31025,0,0884,0000,일반건축물,경상남도 양산시 내송큰들1길 14 (동면 내송리),동면초등학교,교사 및 강당동,0,4943.35,0,13723.52,0,철근콘크리트구조,10000,초등학교,5,0
경상남도 양산시 동면 내송리 885번지,48330,31025,0,0885,0000,일반건축물,경상남도 양산시 내송큰들1길 8 (동면 내송리),사송중학교,교사동,0,2651.19,0,9626.53,0,철근콘크리트구조,10000,중학교,4,0
경상남도 양산시 동면 내송리 885번지,48330,31025,0,0885,0000,일반건축물,경상남도 양산시 내송큰들1길 8 (동면 내송리),사송중학교,지킴이실,0,10,0,10,0,기타구조,10000,중학교,1,0
경상남도 양산시 동면 내송리 885번지,48330,31025,0,0885,0000,일반건축물,경상남도 양산시 내송큰들1길 8 (동면 내송리),사송중학교,강당동,0,1162.47,0,1810.11,0,철근콘크리트구조,10000,중학교,2,0
경상남도 양산시 동면 내송리 886-1번지,48330,31025,0,0886,0001,일반건축물,경상남도 양산시 내송큰들1길 29 (동면 내송리),,현대프라자,557,317.75,57.05,1213.53,217.87,철근콘크리트구조,04000,"제1.2종근린생활시설,운동시설",4,0
경상남도 양산시 동면 내송리 886-3번지,48330,31025,0,0886,0003,표제부,경상남도 양산시 내송로 109 (동면 내송리),드림프라자,제1동,483.8,287.11,59.34,789.59,163.21,철근콘크리트구조,04000,제2종근린생활시설,3,0
경상남도 양산시 동면 내송리 887-1번지,48330,31025,0,0887,0001,일반건축물,경상남도 양산시 내송로 113 (동면 내송리),다온빌딩,,409.1,213.62,52.22,801.39,188.92,철근콘크리트구조,03000,제1종근린생활시설,4,0
경상남도 양산시 동면 내송리 887-2번지,48330,31025,0,0887,0002,표제부,경상남도 양산시 내송로 115 (동면 내송리),사송웨이브,,487.2,291.48,59.83,974,199.92,철근콘크리트구조,04000,제2종근린생활시설,4,0
경상남도 양산시 동면 내송리 887-3번지,48330,31025,0,0887,0003,표제부,경상남도 양산시 내송큰들로 35 (동면 내송리),에듀프라자,,765,435.96,56.99,1270.09,166.02,철근콘크리트구조,03000,제1종근린생활시설,4,0
경상남도 양산시 동면 내송리 889-1번지,48330,31025,0,0889,0001,표제부,경상남도 양산시 내송큰들로 39 (동면 내송리),더원빌딩,,525,314.4,59.89,897.16,170.89,철근콘크리트구조,04000,제2종근린생활시설,3,0
경상남도 양산시 동면 내송리 889-2번지,48330,31025,0,0889,0002,표제부,경상남도 양산시 내송큰들로 43 (동면 내송리),사송 웰시빌딩,사송 웰시빌딩,1050,627.87,59.7971,2988.22,219.3933,철근콘크리트구조,04000,제2종근린생활시설,4,1
경상남도 양산시 동면 내송리 889-4번지,48330,31025,0,0889,0004,표제부,경상남도 양산시 내송큰들로 45 (동면 내송리),사송빌딩,제1동,474,268.04,56.55,756.14,159.52,철근콘크리트구조,04000,제2종근린생활시설,3,0
경상남도 양산시 동면 내송리 896번지,48330,31025,0,0896,0000,일반건축물,경상남도 양산시 내송로 123 (동면 내송리),,제1동,1280,219.92,17.18,411.27,14.95,철근콘크리트구조,03000,제1종근린생활시설,1,1
경상남도 양산시 동면 내송리 899번지,48330,31025,0,0899,0000,일반건축물,경상남도 양산시 내송대방길 6 (동면 내송리),첫주님의교회,제1동,1520.7,373.02,24.5295,373.02,24.5295,철근콘크리트구조,06000,종교시설,1,0
경상남도 양산시 동면 내송리 900번지,48330,31025,0,0900,0000,일반건축물,경상남도 양산시 내송큰들로 146 (동면 내송리),사송 영락교회,,1171.2,583.74,49.84,1766.87,134.59,철근콘크리트구조,06000,종교시설,3,1
경상남도 양산시 동면 내송리 901번지,48330,31025,0,0901,0000,표제부,경상남도 양산시 내송큰들로 140 (동면 내송리),양산사송 제일풍경채 퍼스트파크,108동,0,345.2428,0,2210.509,0,철근콘크리트구조,02000,공동주택(아파트),10,0
경상남도 양산시 동면 내송리 901번지,48330,31025,0,0901,0000,표제부,경상남도 양산시 내송큰들로 140 (동면 내송리),양산사송 제일풍경채 퍼스트파크,102동,0,338.8322,0,3517.9548,0,철근콘크리트구조,02000,공동주택(아파트),16,0
경상남도 양산시 동면 내송리 901번지,48330,31025,0,0901,0000,표제부,경상남도 양산시 내송큰들로 140 (동면 내송리),양산사송 제일풍경채 퍼스트파크,105동,0,677.6644,0,7912.3608,0,철근콘크리트구조,02000,공동주택(아파트),18,0
경상남도 양산시 동면 내송리 901번지,48330,31025,0,0901,0000,표제부,경상남도 양산시 내송큰들로 140 (동면 내송리),양산사송 제일풍경채 퍼스트파크,106동,0,618.5668,0,7795.8074,0,철근콘크리트구조,02000,공동주택(아파트),18,0
경상남도 양산시 동면 내송리 901번지,48330,31025,0,0901,0000,표제부,경상남도 양산시 내송큰들로 140 (동면 내송리),양산사송 제일풍경채 퍼스트파크,경비실,0,26,0,26,0,철근콘크리트구조,02000,경비실,1,0
경상남도 양산시 동면 내송리 901번지,48330,31025,0,0901,0000,표제부,경상남도 양산시 내송큰들로 140 (동면 내송리),양산사송 제일풍경채 퍼스트파크,상가동,0,210.7,0,210.7,0,철근콘크리트구조,04000,"제1,2종근린생활시설",1,0
경상남도 양산시 동면 내송리 901번지,48330,31025,0,0901,0000,표제부,경상남도 양산시 내송큰들로 140 (동면 내송리),양산사송 제일풍경채 퍼스트파크,경로당,0,108.15,0,108.15,0,철근콘크리트구조,02000,경로당,1,0
경상남도 양산시 동면 내송리 901번지,48330,31025,0,0901,0000,표제부,경상남도 양산시 내송큰들로 140 (동면 내송리),양산사송 제일풍경채 퍼스트파크,107동,0,618.5668,0,7795.8074,0,철근콘크리트구조,02000,공동주택(아파트),18,0
경상남도 양산시 동면 내송리 901번지,48330,31025,0,0901,0000,표제부,경상남도 양산시 내송큰들로 140 (동면 내송리),양산사송 제일풍경채 퍼스트파크,어린이집,0,246.43,0,240.85,0,철근콘크리트구조,02000,어린이집,1,0
경상남도 양산시 동면 내송리 901번지,48330,31025,0,0901,0000,표제부,경상남도 양산시 내송큰들로 140 (동면 내송리),양산사송 제일풍경채 퍼스트파크,104동,0,619.8643,0,6885.3062,0,철근콘크리트구조,02000,공동주택(아파트),17,0
경상남도 양산시 동면 내송리 901번지,48330,31025,0,0901,0000,표제부,경상남도 양산시 내송큰들로 140 (동면 내송리),양산사송 제일풍경채 퍼스트파크,101동,0,345.2428,0,3969.1962,0,철근콘크리트구조,02000,공동주택(아파트),18,0
경상남도 양산시 동면 내송리 901번지,48330,31025,0,0901,0000,표제부,경상남도 양산시 내송큰들로 140 (동면 내송리),양산사송 제일풍경채 퍼스트파크,109동,0,345.2428,0,2210.509,0,철근콘크리트구조,02000,공동주택(아파트),10,0
경상남도 양산시 동면 내송리 901번지,48330,31025,0,0901,0000,표제부,경상남도 양산시 내송큰들로 140 (동면 내송리),양산사송 제일풍경채 퍼스트파크,103동,0,677.6644,0,7474.1352,0,철근콘크리트구조,02000,공동주택(아파트),17,0
경상남도 양산시 동면 내송리 901번지,48330,31025,0,0901,0000,표제부,경상남도 양산시 내송큰들로 140 (동면 내송리),양산사송 제일풍경채 퍼스트파크,지하주차장,0,141.834,0,22242.5075,0,철근콘크리트구조,02000,"지하주차장,재활용창고,기계실,전기실,발전기실,오수패키지펌프실,북카페,독서실,주민회의실,동호회실,코인세탁실,관리사무소,방재실,MDF실,근로자휴게소,피트니스센터,골프연습장",1,2
경상남도 양산시 동면 내송리 902번지,48330,31025,0,0902,0000,표제부,경상남도 양산시 내송큰들로 141 (동면 내송리),사송더샵데시앙 1단지,관리사무소,0,0,0,232.114,0,철근콘크리트구조,02000,"관리사무소,방재실,MDF실,다목적회의실",0,1
경상남도 양산시 동면 내송리 902번지,48330,31025,0,0902,0000,표제부,경상남도 양산시 내송큰들로 141 (동면 내송리),사송더샵데시앙 1단지,108동,0,647.6286,0,8151.791,0,철근콘크리트구조,02000,공동주택(아파트),20,0
경상남도 양산시 동면 내송리 902번지,48330,31025,0,0902,0000,표제부,경상남도 양산시 내송큰들로 141 (동면 내송리),사송더샵데시앙 1단지,101동,0,1301.0644,0,49438.0828,0,철근콘크리트구조,02000,공동주택(아파트),22,2
경상남도 양산시 동면 내송리 902번지,48330,31025,0,0902,0000,표제부,경상남도 양산시 내송큰들로 141 (동면 내송리),사송더샵데시앙 1단지,실내체육관,0,0,0,1015.4597,0,철근콘크리트구조,02000,실내체육관,0,2
경상남도 양산시 동면 내송리 902번지,48330,31025,0,0902,0000,표제부,경상남도 양산시 내송큰들로 141 (동면 내송리),사송더샵데시앙 1단지,주민운동시설,0,0,0,669.5163,0,철근콘크리트구조,02000,"피트니스,GX룸,실내골프연습장",0,1
경상남도 양산시 동면 내송리 902번지,48330,31025,0,0902,0000,표제부,경상남도 양산시 내송큰들로 141 (동면 내송리),사송더샵데시앙 1단지,작은도서관,0,0,0,112.6987,0,철근콘크리트구조,02000,작은도서관,0,1
경상남도 양산시 동면 내송리 902번지,48330,31025,0,0902,0000,표제부,경상남도 양산시 내송큰들로 141 (동면 내송리),사송더샵데시앙 1단지,경로당,0,0,0,177.0615,0,철근콘크리트구조,02000,경로당,0,1
경상남도 양산시 동면 내송리 902번지,48330,31025,0,0902,0000,표제부,경상남도 양산시 내송큰들로 141 (동면 내송리),사송더샵데시앙 1단지,공용면적,0,0,0,249.4187,0,철근콘크리트구조,02000,"계단실,복도,화장실",0,1
경상남도 양산시 동면 내송리 902번지,48330,31025,0,0902,0000,표제부,경상남도 양산시 내송큰들로 141 (동면 내송리),사송더샵데시앙 1단지,102동,0,672.3425,0,8837.6537,0,철근콘크리트구조,02000,공동주택(아파트),20,0
경상남도 양산시 동면 내송리 902번지,48330,31025,0,0902,0000,표제부,경상남도 양산시 내송큰들로 141 (동면 내송리),사송더샵데시앙 1단지,107동,0,823.777,0,12007.8903,0,철근콘크리트구조,02000,공동주택(아파트),22,0
경상남도 양산시 동면 내송리 902번지,48330,31025,0,0902,0000,표제부,경상남도 양산시 내송큰들로 141 (동면 내송리),사송더샵데시앙 1단지,105동,0,877.9399,0,12794.4534,0,철근콘크리트구조,02000,공동주택(아파트),22,0
경상남도 양산시 동면 내송리 902번지,48330,31025,0,0902,0000,표제부,경상남도 양산시 내송큰들로 141 (동면 내송리),사송더샵데시앙 1단지,맘스카페,0,0,0,82.194,0,철근콘크리트구조,02000,맘스카페,0,1
경상남도 양산시 동면 내송리 902번지,48330,31025,0,0902,0000,표제부,경상남도 양산시 내송큰들로 141 (동면 내송리),사송더샵데시앙 1단지,104동,0,723.3678,0,10081.4939,0,철근콘크리트구조,02000,공동주택(아파트),22,0
경상남도 양산시 동면 내송리 902번지,48330,31025,0,0902,0000,표제부,경상남도 양산시 내송큰들로 141 (동면 내송리),사송더샵데시앙 1단지,상가동,0,287.631,0,1277.3788,0,철근콘크리트구조,04000,"제1,2종근린생활시설",2,2
경상남도 양산시 동면 내송리 902번지,48330,31025,0,0902,0000,표제부,경상남도 양산시 내송큰들로 141 (동면 내송리),사송더샵데시앙 1단지,경비실,0,25.5225,0,25.5225,0,철근콘크리트구조,02000,"경비실,택배보관소",1,0
경상남도 양산시 동면 내송리 902번지,48330,31025,0,0902,0000,표제부,경상남도 양산시 내송큰들로 141 (동면 내송리),사송더샵데시앙 1단지,106동,0,616.7005,0,8912.6725,0,철근콘크리트구조,02000,공동주택(아파트),22,0
경상남도 양산시 동면 내송리 902번지,48330,31025,0,0902,0000,표제부,경상남도 양산시 내송큰들로 141 (동면 내송리),사송더샵데시앙 1단지,지하주차장,0,0,0,32697.1987,0,철근콘크리트구조,02000,지하주차장,0,2
경상남도 양산시 동면 내송리 902번지,48330,31025,0,0902,0000,표제부,경상남도 양산시 내송큰들로 141 (동면 내송리),사송더샵데시앙 1단지,옥외계단실,0,98.082,0,90.264,0,철근콘크리트구조,02000,옥외계단실,1,0
경상남도 양산시 동면 내송리 902번지,48330,31025,0,0902,0000,표제부,경상남도 양산시 내송큰들로 141 (동면 내송리),사송더샵데시앙 1단지,맘스스테이션,0,0,0,35.3022,0,철근콘크리트구조,02000,맘스스테이션,0,1
경상남도 양산시 동면 내송리 902번지,48330,31025,0,0902,0000,표제부,경상남도 양산시 내송큰들로 141 (동면 내송리),사송더샵데시앙 1단지,103동,0,754.2959,0,10894.0969,0,철근콘크리트구조,02000,공동주택(아파트),22,0
경상남도 양산시 동면 내송리 902번지,48330,31025,0,0902,0000,표제부,경상남도 양산시 내송큰들로 141 (동면 내송리),사송더샵데시앙 1단지,어린이집,0,299.52,0,298.47,0,철근콘크리트구조,02000,어린이집,1,0
경상남도 양산시 동면 내송리 902번지,48330,31025,0,0902,0000,표제부,경상남도 양산시 내송큰들로 141 (동면 내송리),사송더샵데시앙 1단지,플레이클럽,0,0,0,107.751,0,철근콘크리트구조,02000,플레이클럽,0,1
경상남도 양산시 동면 내송리 902번지,48330,31025,0,0902,0000,표제부,경상남도 양산시 내송큰들로 141 (동면 내송리),사송더샵데시앙 1단지,기전실,0,0,0,850.6581,0,철근콘크리트구조,02000,"펌프실,전기실,발전기실,열교환실",0,2
경상남도 양산시 동면 내송리 903번지,48330,31025,0,0903,0000,표제부,경상남도 양산시 내송큰들로 107 (동면 내송리),사송더샵데시앙 3단지,어린이집,0,213,0,210.54,0,철근콘크리트구조,02000,어린이집,1,0
경상남도 양산시 동면 내송리 903번지,48330,31025,0,0903,0000,표제부,경상남도 양산시 내송큰들로 107 (동면 내송리),사송더샵데시앙 3단지,플레이클럽,0,0,0,86.7701,0,철근콘크리트구조,02000,플레이클럽,0,2
경상남도 양산시 동면 내송리 903번지,48330,31025,0,0903,0000,표제부,경상남도 양산시 내송큰들로 107 (동면 내송리),사송더샵데시앙 3단지,작은도서관,0,0,0,84.7704,0,철근콘크리트구조,02000,작은도서관,0,2
경상남도 양산시 동면 내송리 903번지,48330,31025,0,0903,0000,표제부,경상남도 양산시 내송큰들로 107 (동면 내송리),사송더샵데시앙 3단지,302동,0,945.575,0,14426.0705,0,철근콘크리트구조,02000,공동주택(아파트),24,0
경상남도 양산시 동면 내송리 903번지,48330,31025,0,0903,0000,표제부,경상남도 양산시 내송큰들로 107 (동면 내송리),사송더샵데시앙 3단지,옥외계단실,0,34.5325,0,34.5325,0,철근콘크리트구조,02000,옥외계단실,1,0
경상남도 양산시 동면 내송리 903번지,48330,31025,0,0903,0000,표제부,경상남도 양산시 내송큰들로 107 (동면 내송리),사송더샵데시앙 3단지,공용면적,0,0,0,448.4369,0,철근콘크리트구조,02000,"계단실,복도,화장실,공용실외기실",0,3
경상남도 양산시 동면 내송리 903번지,48330,31025,0,0903,0000,표제부,경상남도 양산시 내송큰들로 107 (동면 내송리),사송더샵데시앙 3단지,기전실,0,0,0,552.6286,0,철근콘크리트구조,02000,"펌프실,전기실,발전기실,열교환기실",0,3
경상남도 양산시 동면 내송리 903번지,48330,31025,0,0903,0000,표제부,경상남도 양산시 내송큰들로 107 (동면 내송리),사송더샵데시앙 3단지,맘스카페,0,0,0,43.225,0,철근콘크리트구조,02000,맘스카페,0,2
경상남도 양산시 동면 내송리 903번지,48330,31025,0,0903,0000,표제부,경상남도 양산시 내송큰들로 107 (동면 내송리),사송더샵데시앙 3단지,경로당,0,0,0,96.678,0,철근콘크리트구조,02000,경로당,0,1
경상남도 양산시 동면 내송리 903번지,48330,31025,0,0903,0000,표제부,경상남도 양산시 내송큰들로 107 (동면 내송리),사송더샵데시앙 3단지,맘스스테이션,0,35.2393,0,35.2393,0,철근콘크리트구조,02000,맘스스테이션,1,0
경상남도 양산시 동면 내송리 903번지,48330,31025,0,0903,0000,표제부,경상남도 양산시 내송큰들로 107 (동면 내송리),사송더샵데시앙 3단지,주민운동시설,0,0,0,460.0013,0,철근콘크리트구조,02000,"피트니스,실내골프장,GX룸",0,3
경상남도 양산시 동면 내송리 903번지,48330,31025,0,0903,0000,표제부,경상남도 양산시 내송큰들로 107 (동면 내송리),사송더샵데시앙 3단지,304동,0,578.0374,0,9779.4669,0,철근콘크리트구조,02000,공동주택(아파트),25,0
경상남도 양산시 동면 내송리 903번지,48330,31025,0,0903,0000,표제부,경상남도 양산시 내송큰들로 107 (동면 내송리),사송더샵데시앙 3단지,303동,0,797.0095,0,12394.6677,0,철근콘크리트구조,02000,공동주택(아파트),25,0
경상남도 양산시 동면 내송리 903번지,48330,31025,0,0903,0000,표제부,경상남도 양산시 내송큰들로 107 (동면 내송리),사송더샵데시앙 3단지,실내체육관,0,0,0,527.8265,0,철근콘크리트구조,02000,실내체육관,0,3
경상남도 양산시 동면 내송리 903번지,48330,31025,0,0903,0000,표제부,경상남도 양산시 내송큰들로 107 (동면 내송리),사송더샵데시앙 3단지,지하주차장,0,0,0,18742.0124,0,철근콘크리트구조,02000,지하주차장,0,3
경상남도 양산시 동면 내송리 903번지,48330,31025,0,0903,0000,표제부,경상남도 양산시 내송큰들로 107 (동면 내송리),사송더샵데시앙 3단지,관리사무소,0,0,0,165.186,0,철근콘크리트구조,02000,"관리사무소,방재실,MDF실,회의실",0,1
경상남도 양산시 동면 내송리 903번지,48330,31025,0,0903,0000,표제부,경상남도 양산시 내송큰들로 107 (동면 내송리),사송더샵데시앙 3단지,301동,0,974.1076,0,32542.7021,0,철근콘크리트구조,02000,공동주택(아파트),25,3
경상남도 양산시 동면 내송리 903번지,48330,31025,0,0903,0000,표제부,경상남도 양산시 내송큰들로 107 (동면 내송리),사송더샵데시앙 3단지,경비실,0,19.0044,0,19.0044,0,철근콘크리트구조,02000,"경비실,경비원휴게시설",1,0
경상남도 양산시 동면 내송리 903번지,48330,31025,0,0903,0000,표제부,경상남도 양산시 내송큰들로 107 (동면 내송리),사송더샵데시앙 3단지,상가동,0,0,0,757.9727,0,철근콘크리트구조,04000,"제1,2종근린생활시설",0,3
경상남도 양산시 동면 내송리 904번지,48330,31025,0,0904,0000,표제부,경상남도 양산시 내송큰들로 73 (동면 내송리),사송더샵데시앙 4단지,관리사무소,0,0,0,212.6224,0,철근콘크리트구조,02000,"관리사무소,방재실,MDF실,다목적회의실",0,1
경상남도 양산시 동면 내송리 904번지,48330,31025,0,0904,0000,표제부,경상남도 양산시 내송큰들로 73 (동면 내송리),사송더샵데시앙 4단지,상가동,0,0,0,887.921,0,철근콘크리트구조,04000,"제1,2종근린생활시설",0,3
경상남도 양산시 동면 내송리 904번지,48330,31025,0,0904,0000,표제부,경상남도 양산시 내송큰들로 73 (동면 내송리),사송더샵데시앙 4단지,공용면적,0,0,0,379.0068,0,철근콘크리트구조,02000,"계단실,복도,화장실",0,1
경상남도 양산시 동면 내송리 904번지,48330,31025,0,0904,0000,표제부,경상남도 양산시 내송큰들로 73 (동면 내송리),사송더샵데시앙 4단지,플레이클럽,0,0,0,94.1321,0,철근콘크리트구조,02000,플레이클럽,0,1
경상남도 양산시 동면 내송리 904번지,48330,31025,0,0904,0000,표제부,경상남도 양산시 내송큰들로 73 (동면 내송리),사송더샵데시앙 4단지,기전실,0,0,0,537.2815,0,철근콘크리트구조,02000,"펌프실,전기실,발전기실,열교환실",0,3
경상남도 양산시 동면 내송리 904번지,48330,31025,0,0904,0000,표제부,경상남도 양산시 내송큰들로 73 (동면 내송리),사송더샵데시앙 4단지,작은도서관,0,0,0,79.4624,0,철근콘크리트구조,02000,작은도서관,0,1
경상남도 양산시 동면 내송리 904번지,48330,31025,0,0904,0000,표제부,경상남도 양산시 내송큰들로 73 (동면 내송리),사송더샵데시앙 4단지,실내체육관,0,0,0,615.0092,0,철근콘크리트구조,02000,실내체육관,0,2
경상남도 양산시 동면 내송리 904번지,48330,31025,0,0904,0000,표제부,경상남도 양산시 내송큰들로 73 (동면 내송리),사송더샵데시앙 4단지,맘스스테이션,0,35.2393,0,35.2393,0,철근콘크리트구조,02000,맘스스테이션,1,0
경상남도 양산시 동면 내송리 904번지,48330,31025,0,0904,0000,표제부,경상남도 양산시 내송큰들로 73 (동면 내송리),사송더샵데시앙 4단지,경로당,0,0,0,103.4504,0,철근콘크리트구조,02000,경로당,0,1
경상남도 양산시 동면 내송리 904번지,48330,31025,0,0904,0000,표제부,경상남도 양산시 내송큰들로 73 (동면 내송리),사송더샵데시앙 4단지,401동,0,1107.6952,0,36836.4707,0,철근콘크리트구조,02000,공동주택(아파트),25,3
경상남도 양산시 동면 내송리 904번지,48330,31025,0,0904,0000,표제부,경상남도 양산시 내송큰들로 73 (동면 내송리),사송더샵데시앙 4단지,402동,0,799.3609,0,13239.9706,0,철근콘크리트구조,02000,공동주택(아파트),25,0
경상남도 양산시 동면 내송리 904번지,48330,31025,0,0904,0000,표제부,경상남도 양산시 내송큰들로 73 (동면 내송리),사송더샵데시앙 4단지,경비실,0,19.0044,0,19.0044,0,철근콘크리트구조,02000,"경비실,택배보관소",1,0
경상남도 양산시 동면 내송리 904번지,48330,31025,0,0904,0000,표제부,경상남도 양산시 내송큰들로 73 (동면 내송리),사송더샵데시앙 4단지,맘스카페,0,0,0,62.5532,0,철근콘크리트구조,02000,맘스카페,0,1
경상남도 양산시 동면 내송리 904번지,48330,31025,0,0904,0000,표제부,경상남도 양산시 내송큰들로 73 (동면 내송리),사송더샵데시앙 4단지,405동,0,797.87,0,11449.3524,0,철근콘크리트구조,02000,공동주택(아파트),22,0
경상남도 양산시 동면 내송리 904번지,48330,31025,0,0904,0000,표제부,경상남도 양산시 내송큰들로 73 (동면 내송리),사송더샵데시앙 4단지,403동,0,799.3609,0,13239.9706,0,철근콘크리트구조,02000,공동주택(아파트),25,0
경상남도 양산시 동면 내송리 904번지,48330,31025,0,0904,0000,표제부,경상남도 양산시 내송큰들로 73 (동면 내송리),사송더샵데시앙 4단지,404동,0,344.6314,0,5112.3802,0,철근콘크리트구조,02000,공동주택(아파트),23,0
경상남도 양산시 동면 내송리 904번지,48330,31025,0,0904,0000,표제부,경상남도 양산시 내송큰들로 73 (동면 내송리),사송더샵데시앙 4단지,어린이집,0,236.7,0,235.4393,0,철근콘크리트구조,02000,어린이집,1,0
경상남도 양산시 동면 내송리 904번지,48330,31025,0,0904,0000,표제부,경상남도 양산시 내송큰들로 73 (동면 내송리),사송더샵데시앙 4단지,주민운동시설,0,0,0,571.668,0,철근콘크리트구조,02000,"피트니스,GX룸,실내골프연습장",0,1
경상남도 양산시 동면 내송리 904번지,48330,31025,0,0904,0000,표제부,경상남도 양산시 내송큰들로 73 (동면 내송리),사송더샵데시앙 4단지,옥외계단실,0,33.9602,0,33.9602,0,철근콘크리트구조,02000,옥외계단실,1,0
경상남도 양산시 동면 내송리 904번지,48330,31025,0,0904,0000,표제부,경상남도 양산시 내송큰들로 73 (동면 내송리),사송더샵데시앙 4단지,지하주차장,0,0,0,21490.3465,0,철근콘크리트구조,02000,지하주차장,0,3
경상남도 양산시 동면 내송리 905번지,48330,31025,0,0905,0000,표제부,경상남도 양산시 내송큰들로 112 (동면 내송리),메타폴리스1,,1442.9,1162.9686,80.599,4641.5053,90.9,일반철골구조,20000,자동차관련시설,4,1
경상남도 양산시 동면 내송리 906-2번지,48330,31025,0,0906,0002,표제부,경상남도 양산시 내송큰들로 106 (동면 내송리),,주1동,594.3,344.86,58.03,1235.45,207.88,일반철골구조,04000,제2종근린생활시설,4,0
경상남도 양산시 동면 내송리 907번지,48330,31025,0,0907,0000,표제부,경상남도 양산시 내송큰들로 94 (동면 내송리),양산사송 엘에이치 1단지 아파트,지하주차장,0,0,0,2095.74,0,철근콘크리트구조,02000,지하주차장,0,1
경상남도 양산시 동면 내송리 907번지,48330,31025,0,0907,0000,표제부,경상남도 양산시 내송큰들로 94 (동면 내송리),양산사송 엘에이치 1단지 아파트,경비실,0,22.01,0,22.01,0,철근콘크리트구조,02000,경비실,1,0
경상남도 양산시 동면 내송리 907번지,48330,31025,0,0907,0000,표제부,경상남도 양산시 내송큰들로 94 (동면 내송리),양산사송 엘에이치 1단지 아파트,"전기실,발전기실",0,0,0,187.87,0,철근콘크리트구조,02000,"전기실,발전기실",0,2
경상남도 양산시 동면 내송리 907번지,48330,31025,0,0907,0000,표제부,경상남도 양산시 내송큰들로 94 (동면 내송리),양산사송 엘에이치 1단지 아파트,관리사무소,0,150.69,0,110.89,0,철근콘크리트구조,02000,"관리사무소,MDF실,방재실",1,0
경상남도 양산시 동면 내송리 907번지,48330,31025,0,0907,0000,표제부,경상남도 양산시 내송큰들로 94 (동면 내송리),양산사송 엘에이치 1단지 아파트,"펌프실,열교환실",0,0,0,269.22,0,철근콘크리트구조,02000,"펌프실,열교환실",0,2
경상남도 양산시 동면 내송리 907번지,48330,31025,0,0907,0000,표제부,경상남도 양산시 내송큰들로 94 (동면 내송리),양산사송 엘에이치 1단지 아파트,주민카페,0,0,0,39.8,0,철근콘크리트구조,02000,주민카페,1,0
경상남도 양산시 동면 내송리 907번지,48330,31025,0,0907,0000,표제부,경상남도 양산시 내송큰들로 94 (동면 내송리),양산사송 엘에이치 1단지 아파트,근린생활시설,0,0,0,102.97,0,철근콘크리트구조,04000,근린생활시설,1,0
경상남도 양산시 동면 내송리 907번지,48330,31025,0,0907,0000,표제부,경상남도 양산시 내송큰들로 94 (동면 내송리),양산사송 엘에이치 1단지 아파트,101동,0,369.93,0,4390.8,0,철근콘크리트구조,02000,공동주택(아파트),17,2
경상남도 양산시 동면 내송리 907번지,48330,31025,0,0907,0000,표제부,경상남도 양산시 내송큰들로 94 (동면 내송리),양산사송 엘에이치 1단지 아파트,지역편의시설,0,13.94,0,284.73,0,철근콘크리트구조,02000,"영유아놀이방,다목적회의실,휘트니스,G.X룸,도서실",1,1
경상남도 양산시 동면 내송리 907번지,48330,31025,0,0907,0000,표제부,경상남도 양산시 내송큰들로 94 (동면 내송리),양산사송 엘에이치 1단지 아파트,102동,0,321.11,0,4680.69,0,철근콘크리트구조,02000,공동주택(아파트),17,2
경상남도 양산시 동면 내송리 908번지,48330,31025,0,0908,0000,표제부,경상남도 양산시 내송큰들로 84 (동면 내송리),사송 트루엘,115동,0,252.04,0,3150.47,0,철근콘크리트구조,02000,공동주택(아파트),19,2
경상남도 양산시 동면 내송리 908번지,48330,31025,0,0908,0000,표제부,경상남도 양산시 내송큰들로 84 (동면 내송리),사송 트루엘,118동,0,364.32,0,4336.82,0,철근콘크리트구조,02000,공동주택(아파트),18,2
경상남도 양산시 동면 내송리 908번지,48330,31025,0,0908,0000,표제부,경상남도 양산시 내송큰들로 84 (동면 내송리),사송 트루엘,109동,0,588.66,0,8364.19,0,철근콘크리트구조,02000,공동주택(아파트),20,2
경상남도 양산시 동면 내송리 908번지,48330,31025,0,0908,0000,표제부,경상남도 양산시 내송큰들로 84 (동면 내송리),사송 트루엘,열교환실2,0,0,0,100.24,0,철근콘크리트구조,02000,열교환실,0,2
경상남도 양산시 동면 내송리 908번지,48330,31025,0,0908,0000,표제부,경상남도 양산시 내송큰들로 84 (동면 내송리),사송 트루엘,전기실,0,0,0,264.38,0,철근콘크리트구조,02000,전기실,0,2
경상남도 양산시 동면 내송리 908번지,48330,31025,0,0908,0000,표제부,경상남도 양산시 내송큰들로 84 (동면 내송리),사송 트루엘,지하주차장3,0,0,0,32169.29,0,철근콘크리트구조,02000,지하주차장,0,2
경상남도 양산시 동면 내송리 908번지,48330,31025,0,0908,0000,표제부,경상남도 양산시 내송큰들로 84 (동면 내송리),사송 트루엘,열교환실1,0,0,0,107.05,0,철근콘크리트구조,02000,열교환실,0,2
경상남도 양산시 동면 내송리 908번지,48330,31025,0,0908,0000,표제부,경상남도 양산시 내송큰들로 84 (동면 내송리),사송 트루엘,근로자휴게실,0,0,0,45.6,0,철근콘크리트구조,02000,근로자휴게실,0,2
경상남도 양산시 동면 내송리 908번지,48330,31025,0,0908,0000,표제부,경상남도 양산시 내송큰들로 84 (동면 내송리),사송 트루엘,105동,0,628.67,0,7488.24,0,철근콘크리트구조,02000,공동주택(아파트),18,2
경상남도 양산시 동면 내송리 908번지,48330,31025,0,0908,0000,표제부,경상남도 양산시 내송큰들로 84 (동면 내송리),사송 트루엘,106동,0,628.24,0,8287.68,0,철근콘크리트구조,02000,공동주택(아파트),20,2
경상남도 양산시 동면 내송리 908번지,48330,31025,0,0908,0000,표제부,경상남도 양산시 내송큰들로 84 (동면 내송리),사송 트루엘,112동,0,364.55,0,4108.91,0,철근콘크리트구조,02000,공동주택(아파트),17,2
경상남도 양산시 동면 내송리 908번지,48330,31025,0,0908,0000,표제부,경상남도 양산시 내송큰들로 84 (동면 내송리),사송 트루엘,경비실-1,0,0,0,32.57,0,철근콘크리트구조,02000,경비실,0,2
경상남도 양산시 동면 내송리 908번지,48330,31025,0,0908,0000,표제부,경상남도 양산시 내송큰들로 84 (동면 내송리),사송 트루엘,103동,0,225.68,0,1660.92,0,철근콘크리트구조,02000,공동주택(아파트),11,2
경상남도 양산시 동면 내송리 908번지,48330,31025,0,0908,0000,표제부,경상남도 양산시 내송큰들로 84 (동면 내송리),사송 트루엘,열교환실3,0,0,0,105.89,0,철근콘크리트구조,02000,열교환실,0,2
경상남도 양산시 동면 내송리 908번지,48330,31025,0,0908,0000,표제부,경상남도 양산시 내송큰들로 84 (동면 내송리),사송 트루엘,114동,0,364.32,0,4783.78,0,철근콘크리트구조,02000,공동주택(아파트),20,2
경상남도 양산시 동면 내송리 908번지,48330,31025,0,0908,0000,표제부,경상남도 양산시 내송큰들로 84 (동면 내송리),사송 트루엘,근린생활시설,0,307.63,0,611.82,0,철근콘크리트구조,04000,근린생활시설,2,0
경상남도 양산시 동면 내송리 908번지,48330,31025,0,0908,0000,표제부,경상남도 양산시 내송큰들로 84 (동면 내송리),사송 트루엘,게스트하우스,0,0,0,172.57,0,철근콘크리트구조,02000,게스트하우스,0,2
경상남도 양산시 동면 내송리 908번지,48330,31025,0,0908,0000,표제부,경상남도 양산시 내송큰들로 84 (동면 내송리),사송 트루엘,경비실-2,0,20.25,0,20.25,0,철근콘크리트구조,02000,경비실,1,0
경상남도 양산시 동면 내송리 908번지,48330,31025,0,0908,0000,표제부,경상남도 양산시 내송큰들로 84 (동면 내송리),사송 트루엘,관리사무소,0,0,0,312.62,0,철근콘크리트구조,02000,"관리사무소,방재실,MDF실",0,2
경상남도 양산시 동면 내송리 908번지,48330,31025,0,0908,0000,표제부,경상남도 양산시 내송큰들로 84 (동면 내송리),사송 트루엘,117동,0,225.68,0,2256.31,0,철근콘크리트구조,02000,공동주택(아파트),15,2
경상남도 양산시 동면 내송리 908번지,48330,31025,0,0908,0000,표제부,경상남도 양산시 내송큰들로 84 (동면 내송리),사송 트루엘,101동,0,225.68,0,2107.45,0,철근콘크리트구조,02000,공동주택(아파트),14,2
경상남도 양산시 동면 내송리 908번지,48330,31025,0,0908,0000,표제부,경상남도 양산시 내송큰들로 84 (동면 내송리),사송 트루엘,104동,0,628.67,0,7900.97,0,철근콘크리트구조,02000,공동주택(아파트),19,2
경상남도 양산시 동면 내송리 908번지,48330,31025,0,0908,0000,표제부,경상남도 양산시 내송큰들로 84 (동면 내송리),사송 트루엘,주민공동시설-2(종합보육센터),0,21.28,0,1353.34,0,철근콘크리트구조,02000,"실내놀이터,공동육아방",1,2
경상남도 양산시 동면 내송리 908번지,48330,31025,0,0908,0000,표제부,경상남도 양산시 내송큰들로 84 (동면 내송리),사송 트루엘,맘스스테이션2,0,40.5,0,40.5,0,철근콘크리트구조,02000,맘스스테이션,1,0
경상남도 양산시 동면 내송리 908번지,48330,31025,0,0908,0000,표제부,경상남도 양산시 내송큰들로 84 (동면 내송리),사송 트루엘,110동,0,582.87,0,8379.97,0,철근콘크리트구조,02000,공동주택(아파트),20,2
경상남도 양산시 동면 내송리 908번지,48330,31025,0,0908,0000,표제부,경상남도 양산시 내송큰들로 84 (동면 내송리),사송 트루엘,주민공동시설-3(게더링센터),0,0,0,656.52,0,철근콘크리트구조,02000,"피트니스,주민카페",0,2
경상남도 양산시 동면 내송리 908번지,48330,31025,0,0908,0000,표제부,경상남도 양산시 내송큰들로 84 (동면 내송리),사송 트루엘,지하주차장1,0,0,0,9344.36,0,철근콘크리트구조,02000,지하주차장,0,2
경상남도 양산시 동면 내송리 908번지,48330,31025,0,0908,0000,표제부,경상남도 양산시 내송큰들로 84 (동면 내송리),사송 트루엘,102동,0,225.93,0,3010.37,0,철근콘크리트구조,02000,공동주택(아파트),20,2
경상남도 양산시 동면 내송리 908번지,48330,31025,0,0908,0000,표제부,경상남도 양산시 내송큰들로 84 (동면 내송리),사송 트루엘,107동,0,582.87,0,8378.66,0,철근콘크리트구조,02000,공동주택(아파트),20,2
경상남도 양산시 동면 내송리 908번지,48330,31025,0,0908,0000,표제부,경상남도 양산시 내송큰들로 84 (동면 내송리),사송 트루엘,맘스스테이션1,0,126.15,0,121.11,0,철근콘크리트구조,02000,맘스스테이션,1,0
경상남도 양산시 동면 내송리 908번지,48330,31025,0,0908,0000,표제부,경상남도 양산시 내송큰들로 84 (동면 내송리),사송 트루엘,어린이집,0,18.88,0,1200.91,0,철근콘크리트구조,02000,어린이집,1,1
경상남도 양산시 동면 내송리 908번지,48330,31025,0,0908,0000,표제부,경상남도 양산시 내송큰들로 84 (동면 내송리),사송 트루엘,지하주차장2,0,0,0,10829.59,0,철근콘크리트구조,02000,지하주차장,0,2
경상남도 양산시 동면 내송리 908번지,48330,31025,0,0908,0000,표제부,경상남도 양산시 내송큰들로 84 (동면 내송리),사송 트루엘,코디네이터실,0,0,0,95.64,0,철근콘크리트구조,02000,코디네이터실,0,1
경상남도 양산시 동면 내송리 908번지,48330,31025,0,0908,0000,표제부,경상남도 양산시 내송큰들로 84 (동면 내송리),사송 트루엘,113동,0,252.04,0,2827.54,0,철근콘크리트구조,02000,공동주택(아파트),17,2
경상남도 양산시 동면 내송리 908번지,48330,31025,0,0908,0000,표제부,경상남도 양산시 내송큰들로 84 (동면 내송리),사송 트루엘,111동,0,528.23,0,6003.4,0,철근콘크리트구조,02000,공동주택(아파트),17,2
경상남도 양산시 동면 내송리 908번지,48330,31025,0,0908,0000,표제부,경상남도 양산시 내송큰들로 84 (동면 내송리),사송 트루엘,펌프실,0,0,0,290.33,0,철근콘크리트구조,02000,펌프실,0,2
경상남도 양산시 동면 내송리 908번지,48330,31025,0,0908,0000,표제부,경상남도 양산시 내송큰들로 84 (동면 내송리),사송 트루엘,116동,0,630.64,0,7175.02,0,철근콘크리트구조,02000,공동주택(아파트),18,2
경상남도 양산시 동면 내송리 908번지,48330,31025,0,0908,0000,표제부,경상남도 양산시 내송큰들로 84 (동면 내송리),사송 트루엘,108동,0,588.66,0,8362.7,0,철근콘크리트구조,02000,공동주택(아파트),20,2
경상남도 양산시 동면 내송리 908번지,48330,31025,0,0908,0000,표제부,경상남도 양산시 내송큰들로 84 (동면 내송리),사송 트루엘,주민공동시설-1(에듀센터),0,81.3,0,560.77,0,철근콘크리트구조,02000,"플리마켓,작은도서관, 독서실",1,2
경상남도 양산시 동면 내송리 909번지,48330,31025,0,0909,0000,일반건축물,경상남도 양산시 내송대방길 51 (동면 내송리),,1동,0,48.49,0,48.49,0,철근콘크리트구조,03000,제1종근린생활시설,1,0
경상남도 양산시 동면 내송리 909번지,48330,31025,0,0909,0000,일반건축물,경상남도 양산시 내송대방길 51 (동면 내송리),,2동,0,32,0,32,0,경량철골구조,03000,제1종근린생활시설,1,0
경상남도 양산시 동면 내송리 937번지,48330,31025,0,0937,0000,일반건축물,경상남도 양산시 내송큰들로 156 (동면 내송리),동면 양산사송 공공주택지구 근린공원 1호,제2동,0,12,0,12,0,경량철골구조,27000,관광휴게시설,1,0
경상남도 양산시 동면 내송리 937번지,48330,31025,0,0937,0000,일반건축물,경상남도 양산시 내송큰들로 156 (동면 내송리),동면 양산사송 공공주택지구 근린공원 1호,제1동,0,32.01,0,32.01,0,경량철골구조,27000,관광휴게시설,1,0
경상남도 양산시 동면 내송리 산42-21번지,48330,31025,1,0042,0021,일반건축물,경상남도 양산시 내송2길 168-72 (동면 내송리),,,0,32.4,0,32.4,0,블록구조,21000,관리사,1,0
경상남도 양산시 동면 내송리 산66-3번지,48330,31025,1,0066,0003,일반건축물,,,,0,0,0,54.5,0,블록구조,03000,"중대본부, 무기고",1,0
경상남도 양산시 동면 내송리 산85-3번지,48330,31025,1,0085,0003,일반건축물,,,,0,115,0,115,0,블록구조,01000,주택,1,0
경상남도 양산시 동면 내송리 산85-16번지,48330,31025,1,0085,0016,일반건축물,경상남도 양산시 목장길 132-30 (동면 내송리),,,0,110.12,0,110.12,0,일반목구조,01000,주택,1,0
경상남도 양산시 동면 내송리 산86-6번지,48330,31025,1,0086,0006,일반건축물,경상남도 양산시 목장길 15-50 (동면 내송리),양산(상)휴게소,10동,0,40,0,40,0,일반철골구조,27000,관광휴게시설(쓰레기분류고),1,0
경상남도 양산시 동면 내송리 산86-6번지,48330,31025,1,0086,0006,일반건축물,경상남도 양산시 목장길 15-50 (동면 내송리),양산(상)휴게소,7동,0,41.04,0,41.04,0,일반철골구조,19000,위험물저장및처리시설,1,0
경상남도 양산시 동면 내송리 산86-6번지,48330,31025,1,0086,0006,일반건축물,경상남도 양산시 목장길 15-50 (동면 내송리),양산(상)휴게소,6동,0,65,0,65,0,일반철골구조,19000,위험물저장및처리시설,1,0
경상남도 양산시 동면 내송리 산86-6번지,48330,31025,1,0086,0006,일반건축물,경상남도 양산시 목장길 15-50 (동면 내송리),양산(상)휴게소,9동,0,25.2,0,25.2,0,일반철골구조,27000,관광휴게시설(창고),1,0
경상남도 양산시 동면 내송리 산86-6번지,48330,31025,1,0086,0006,일반건축물,경상남도 양산시 목장길 15-50 (동면 내송리),내송(상)휴게소,1동,0,332.45,0,332.45,0,철근콘크리트구조,19000,위험물저장및처리시설,1,0
경상남도 양산시 동면 내송리 산86-6번지,48330,31025,1,0086,0006,일반건축물,경상남도 양산시 목장길 15-50 (동면 내송리),양산(상)휴게소,5동,0,60,0,60,0,일반철골구조,19000,위험물저장및처리시설,1,0
경상남도 양산시 동면 내송리 산86-6번지,48330,31025,1,0086,0006,일반건축물,경상남도 양산시 목장길 15-50 (동면 내송리),양산(상)휴게소,4동,0,44.52,0,44.52,0,철근콘크리트구조,27000,관광휴게시설,1,0
경상남도 양산시 동면 내송리 산86-6번지,48330,31025,1,0086,0006,일반건축물,경상남도 양산시 목장길 15-50 (동면 내송리),양산(상)휴게소,3동,0,72,0,72,0,철근콘크리트구조,27000,관광휴게시설,1,0
경상남도 양산시 동면 내송리 산86-6번지,48330,31025,1,0086,0006,일반건축물,경상남도 양산시 목장길 15-50 (동면 내송리),양산(상)휴게소,11동,0,9.62,0,9.62,0,경량철골구조,27000,관광휴게시설(기계실),1,0
경상남도 양산시 동면 내송리 산86-6번지,48330,31025,1,0086,0006,일반건축물,경상남도 양산시 목장길 15-50 (동면 내송리),양산(상)휴게소,2동,0,1109.24,0,1657.24,0,철근콘크리트구조,27000,관광휴게시설,2,1
경상남도 양산시 동면 내송리 산86-6번지,48330,31025,1,0086,0006,일반건축물,경상남도 양산시 목장길 15-50 (동면 내송리),양산(상)휴게소,8동,0,55,0,55,0,일반철골구조,27000,관광휴게시설(창고),1,0
경상남도 양산시 동면 내송리 산101-1번지,48330,31025,1,0101,0001,일반건축물,경상남도 양산시 목장길 181 (동면 내송리),,,0,374.2,0,374.2,0,일반목구조,01000,"주택,축사",1,0
경상남도 양산시 동면 내송리 산103-1번지,48330,31025,1,0103,0001,일반건축물,경상남도 양산시 목장길 182 (동면 내송리),,,0,64.13,0,64.13,0,블록구조,01000,주택,1,0
경상남도 양산시 동면 내송리 산106번지,48330,31025,1,0106,0000,일반건축물,경상남도 양산시 목장길 183 (동면 내송리),,,0,77.68,0,77.68,0,블록구조,21000,축사,1,0
