대지위치,시군구코드,법정동코드,대지구분코드,번,지,관리허가대장PK,특수지명,블록,로트,지역지구구역구분코드,지역지구구역구분코드명,지역지구구역코드,지역지구구역코드명,대표여부,주동구분코드,주동구분코드명,지역지구구역명,생성일자
경상남도 양산시 원동면 영포리 4-2번지,48330,32024,0,0004,0002,1264100136247,,,,1,용도지역코드,UQB300,보전관리지역,1,0,,보전관리지역,20221008
경상남도 양산시 원동면 영포리 4-2번지,48330,32024,0,0004,0002,1264100136247,,,,3,용도구역코드,UMZ100,가축사육제한구역,1,0,,가축사육제한구역,20221008
경상남도 양산시 원동면 영포리 10-2번지,48330,32024,0,0010,0002,1264100054010,,,,1,용도지역코드,UQB300,보전관리지역,1,0,,보전관리지역,20221008
경상남도 양산시 원동면 영포리 10-2번지,48330,32024,0,0010,0002,1264100054010,,,,1,용도지역코드,UMN200,배출시설설치제한지역,0,0,,배출시설설치제한지역,20221008
경상남도 양산시 원동면 영포리 26-1번지,48330,32024,0,0026,0001,1264100054228,,,,1,용도지역코드,UQB100,계획관리지역,1,0,,계획관리지역,20221008
경상남도 양산시 원동면 영포리 26-1번지,48330,32024,0,0026,0001,1264100054228,,,,1,용도지역코드,UQB300,보전관리지역,0,0,,보전관리지역,20221008
경상남도 양산시 원동면 영포리 32-2번지,48330,32024,0,0032,0002,12648960,,,,1,용도지역코드,0240,관리지역,1,0,,관리지역,20221008
경상남도 양산시 원동면 영포리 32-7번지,48330,32024,0,0032,0007,1264100108496,,,,1,용도지역코드,UQB100,계획관리지역,1,0,,계획관리지역,20221008
경상남도 양산시 원동면 영포리 32-7번지,48330,32024,0,0032,0007,1264100108496,,,,1,용도지역코드,UQB300,보전관리지역,0,0,,보전관리지역,20221008
경상남도 양산시 원동면 영포리 32-7번지,48330,32024,0,0032,0007,1264100108496,,,,1,용도지역코드,UM2100,공장설립승인지역,0,0,,공장설립승인지역,20221008
경상남도 양산시 원동면 영포리 32-7번지,48330,32024,0,0032,0007,1264100108496,,,,1,용도지역코드,UMN200,배출시설설치제한지역,0,0,,배출시설설치제한지역,20221008
경상남도 양산시 원동면 영포리 32-7번지,48330,32024,0,0032,0007,1264100108496,,,,3,용도구역코드,UMZ100,가축사육제한구역,1,0,,가축사육제한구역,20221008
경상남도 양산시 원동면 영포리 33번지,48330,32024,0,0033,0000,1264100078483,,,,1,용도지역코드,UQB100,계획관리지역,1,0,,계획관리지역,20221008
경상남도 양산시 원동면 영포리 66-1번지,48330,32024,0,0066,0001,1264100089065,,,,1,용도지역코드,UQB200,생산관리지역,1,0,,생산관리지역,20221008
경상남도 양산시 원동면 영포리 66-1번지,48330,32024,0,0066,0001,1264100089064,,,,1,용도지역코드,UQB200,생산관리지역,1,0,,생산관리지역,20221008
경상남도 양산시 원동면 영포리 66-2번지,48330,32024,0,0066,0002,1264100123520,,,,1,용도지역코드,UQB200,생산관리지역,1,0,,생산관리지역,20221008
경상남도 양산시 원동면 영포리 66-2번지,48330,32024,0,0066,0002,1264100123520,,,,1,용도지역코드,UMN200,배출시설설치제한지역,0,0,,배출시설설치제한지역,20221008
경상남도 양산시 원동면 영포리 66-2번지,48330,32024,0,0066,0002,1264100123520,,,,3,용도구역코드,UMZ100,가축사육제한구역,1,0,,가축사육제한구역,20221008
경상남도 양산시 원동면 영포리 66-2번지,48330,32024,0,0066,0002,1264100129924,,,,1,용도지역코드,UQB200,생산관리지역,1,0,,생산관리지역,20221008
경상남도 양산시 원동면 영포리 69-1번지,48330,32024,0,0069,0001,1264100085802,,,,1,용도지역코드,UQB200,생산관리지역,1,0,,생산관리지역,20221008
경상남도 양산시 원동면 영포리 69-1번지,48330,32024,0,0069,0001,1264100085802,,,,1,용도지역코드,UMN200,배출시설설치제한지역,0,0,,배출시설설치제한지역,20221008
경상남도 양산시 원동면 영포리 72번지,48330,32024,0,0072,0000,1264100152514,,,,1,용도지역코드,UQB200,생산관리지역,1,0,,생산관리지역,20221008
경상남도 양산시 원동면 영포리 72번지,48330,32024,0,0072,0000,1264100152514,,,,1,용도지역코드,UMN200,배출시설설치제한지역,0,0,,배출시설설치제한지역,20221008
경상남도 양산시 원동면 영포리 73번지,48330,32024,0,0073,0000,1264100079982,,,,1,용도지역코드,UQB200,생산관리지역,1,0,,생산관리지역,20221008
경상남도 양산시 원동면 영포리 75번지,48330,32024,0,0075,0000,1264100018094,,,,1,용도지역코드,0220,생산관리지역,1,0,,생산관리지역,20221008
경상남도 양산시 원동면 영포리 77번지,48330,32024,0,0077,0000,1264100037552,,,,1,용도지역코드,UQB200,생산관리지역,1,0,,생산관리지역,20221008
경상남도 양산시 원동면 영포리 77번지,48330,32024,0,0077,0000,1264100037552,,,,1,용도지역코드,UMN200,배출시설설치제한지역,0,0,,배출시설설치제한지역,20221008
경상남도 양산시 원동면 영포리 84-6번지,48330,32024,0,0084,0006,1264100026169,,,,1,용도지역코드,UQB200,생산관리지역,1,0,,생산관리지역,20221008
경상남도 양산시 원동면 영포리 84-8번지,48330,32024,0,0084,0008,1264100137543,,,,1,용도지역코드,UQB200,생산관리지역,1,0,,생산관리지역,20221008
경상남도 양산시 원동면 영포리 84-8번지,48330,32024,0,0084,0008,1264100137543,,,,1,용도지역코드,UMN200,배출시설설치제한지역,0,0,,배출시설설치제한지역,20221008
경상남도 양산시 원동면 영포리 84-9번지,48330,32024,0,0084,0009,1264100080199,,,,1,용도지역코드,UQB200,생산관리지역,1,0,,생산관리지역,20221008
경상남도 양산시 원동면 영포리 92번지,48330,32024,0,0092,0000,1264100101775,,,,1,용도지역코드,UMN200,배출시설설치제한지역,,,,배출시설설치제한지역,20221008
경상남도 양산시 원동면 영포리 92번지,48330,32024,0,0092,0000,1264100101775,,,,1,용도지역코드,UQB200,생산관리지역,1,0,,생산관리지역,20221008
경상남도 양산시 원동면 영포리 100번지,48330,32024,0,0100,0000,12642407,,,,1,용도지역코드,Z200,준농림지역,1,0,,준농림지역,20221008
경상남도 양산시 원동면 영포리 100-4번지,48330,32024,0,0100,0004,1264100079279,,,,1,용도지역코드,UQB300,보전관리지역,1,0,,보전관리지역,20221008
경상남도 양산시 원동면 영포리 100-4번지,48330,32024,0,0100,0004,1264100079279,,,,1,용도지역코드,UMN200,배출시설설치제한지역,0,0,,배출시설설치제한지역,20221008
경상남도 양산시 원동면 영포리 100-4번지,48330,32024,0,0100,0004,1264100079279,,,,1,용도지역코드,UM2100,공장설립승인지역,0,0,,공장설립승인지역,20221008
경상남도 양산시 원동면 영포리 100-8번지,48330,32024,0,0100,0008,1264100079280,,,,1,용도지역코드,UQB300,보전관리지역,1,0,,보전관리지역,20221008
경상남도 양산시 원동면 영포리 100-8번지,48330,32024,0,0100,0008,1264100079280,,,,1,용도지역코드,UMN200,배출시설설치제한지역,0,0,,배출시설설치제한지역,20221008
경상남도 양산시 원동면 영포리 100-8번지,48330,32024,0,0100,0008,1264100079280,,,,1,용도지역코드,UM2100,공장설립승인지역,0,0,,공장설립승인지역,20221008
경상남도 양산시 원동면 영포리 104-1번지,48330,32024,0,0104,0001,1000000000000000351111,,,,3,용도구역코드,UMZ100,가축사육제한구역,1,0,,가축사육제한구역,20230808
경상남도 양산시 원동면 영포리 104-1번지,48330,32024,0,0104,0001,1000000000000000351111,,,,1,용도지역코드,UMN200,배출시설설치제한지역,0,0,,배출시설설치제한지역,20230808
경상남도 양산시 원동면 영포리 104-1번지,48330,32024,0,0104,0001,1000000000000000351111,,,,1,용도지역코드,UM2100,공장설립승인지역,0,0,,공장설립승인지역,20230808
경상남도 양산시 원동면 영포리 104-1번지,48330,32024,0,0104,0001,1000000000000000351111,,,,1,용도지역코드,UQB200,생산관리지역,1,0,,생산관리지역,20230808
경상남도 양산시 원동면 영포리 107-1번지,48330,32024,0,0107,0001,1264100032377,,,,1,용도지역코드,UQB200,생산관리지역,1,0,,생산관리지역,20221008
경상남도 양산시 원동면 영포리 125-2번지,48330,32024,0,0125,0002,1264100050208,,,,1,용도지역코드,UQB100,계획관리지역,1,0,,계획관리지역,20221008
경상남도 양산시 원동면 영포리 125-2번지,48330,32024,0,0125,0002,1264100054013,,,,1,용도지역코드,UQB100,계획관리지역,1,0,,계획관리지역,20221008
경상남도 양산시 원동면 영포리 136-3번지,48330,32024,0,0136,0003,1264100104239,,,,1,용도지역코드,UQB300,보전관리지역,,,,보전관리지역,20221008
경상남도 양산시 원동면 영포리 136-3번지,48330,32024,0,0136,0003,1264100104239,,,,1,용도지역코드,UQB200,생산관리지역,,,,생산관리지역,20221008
경상남도 양산시 원동면 영포리 136-3번지,48330,32024,0,0136,0003,1264100104239,,,,1,용도지역코드,UM2100,공장설립승인지역,,,,공장설립승인지역,20221008
경상남도 양산시 원동면 영포리 136-3번지,48330,32024,0,0136,0003,1264100104239,,,,1,용도지역코드,UMN200,배출시설설치제한지역,,,,배출시설설치제한지역,20221008
경상남도 양산시 원동면 영포리 136-3번지,48330,32024,0,0136,0003,1264100104239,,,,1,용도지역코드,UQB100,계획관리지역,1,0,,계획관리지역,20221008
경상남도 양산시 원동면 영포리 160-3번지,48330,32024,0,0160,0003,1000000000000000921738,,,,3,용도구역코드,UMZ100,가축사육제한구역,1,0,,가축사육제한구역,20260408
경상남도 양산시 원동면 영포리 160-3번지,48330,32024,0,0160,0003,1000000000000000921738,,,,1,용도지역코드,UQB200,생산관리지역,1,0,,생산관리지역,20260408
경상남도 양산시 원동면 영포리 160-6번지,48330,32024,0,0160,0006,1000000000000000537103,,,,1,용도지역코드,UMN200,배출시설설치제한지역,0,0,,배출시설설치제한지역,20240617
경상남도 양산시 원동면 영포리 160-6번지,48330,32024,0,0160,0006,1000000000000000537103,,,,1,용도지역코드,UM2100,공장설립승인지역,0,0,,공장설립승인지역,20240617
경상남도 양산시 원동면 영포리 160-6번지,48330,32024,0,0160,0006,1000000000000000537103,,,,1,용도지역코드,UQB200,생산관리지역,1,0,,생산관리지역,20240617
경상남도 양산시 원동면 영포리 160-6번지,48330,32024,0,0160,0006,1000000000000000537103,,,,3,용도구역코드,UMZ100,가축사육제한구역,1,0,,가축사육제한구역,20240617
경상남도 양산시 원동면 영포리 169-3번지,48330,32024,0,0169,0003,1264100115317,,,,1,용도지역코드,UQB300,보전관리지역,1,0,,보전관리지역,20221008
경상남도 양산시 원동면 영포리 169-3번지,48330,32024,0,0169,0003,1264100115317,,,,1,용도지역코드,UM2100,공장설립승인지역,0,0,,공장설립승인지역,20221008
경상남도 양산시 원동면 영포리 169-3번지,48330,32024,0,0169,0003,1264100115317,,,,1,용도지역코드,UMN200,배출시설설치제한지역,0,0,,배출시설설치제한지역,20221008
경상남도 양산시 원동면 영포리 169-3번지,48330,32024,0,0169,0003,1264100115317,,,,3,용도구역코드,UMZ100,가축사육제한구역,1,0,,가축사육제한구역,20221008
경상남도 양산시 원동면 영포리 169-4번지,48330,32024,0,0169,0004,1264100150654,,,,1,용도지역코드,UQB300,보전관리지역,1,0,,보전관리지역,20230927
경상남도 양산시 원동면 영포리 169-5번지,48330,32024,0,0169,0005,1264100146305,,,,1,용도지역코드,UQB300,보전관리지역,1,0,,보전관리지역,20221008
경상남도 양산시 원동면 영포리 169-5번지,48330,32024,0,0169,0005,1264100146305,,,,1,용도지역코드,UM2100,공장설립승인지역,0,0,,공장설립승인지역,20221008
경상남도 양산시 원동면 영포리 169-5번지,48330,32024,0,0169,0005,1264100146305,,,,1,용도지역코드,UMN200,배출시설설치제한지역,0,0,,배출시설설치제한지역,20221008
경상남도 양산시 원동면 영포리 169-9번지,48330,32024,0,0169,0009,1264100064680,,,,1,용도지역코드,UM2100,공장설립승인지역,0,0,,공장설립승인지역,20221008
경상남도 양산시 원동면 영포리 169-9번지,48330,32024,0,0169,0009,1264100064680,,,,1,용도지역코드,UQB300,보전관리지역,1,0,,보전관리지역,20221008
경상남도 양산시 원동면 영포리 169-9번지,48330,32024,0,0169,0009,1264100064680,,,,1,용도지역코드,UMN200,배출시설설치제한지역,0,0,,배출시설설치제한지역,20221008
경상남도 양산시 원동면 영포리 174-2번지,48330,32024,0,0174,0002,1264100007190,,,,1,용도지역코드,0240,관리지역,1,0,,관리지역,20221008
경상남도 양산시 원동면 영포리 182-1번지,48330,32024,0,0182,0001,1264100072839,,,,1,용도지역코드,UQB300,보전관리지역,1,0,,보전관리지역,20221008
경상남도 양산시 원동면 영포리 182-3번지,48330,32024,0,0182,0003,1264100109976,,,,1,용도지역코드,UQB300,보전관리지역,1,0,,보전관리지역,20221008
경상남도 양산시 원동면 영포리 182-3번지,48330,32024,0,0182,0003,1264100007947,,,,1,용도지역코드,0240,관리지역,1,0,,관리지역,20221008
경상남도 양산시 원동면 영포리 182-3번지,48330,32024,0,0182,0003,1264100022826,,,,1,용도지역코드,UQB300,보전관리지역,1,0,,보전관리지역,20221008
경상남도 양산시 원동면 영포리 182-10번지,48330,32024,0,0182,0010,1264100009649,,,,1,용도지역코드,0240,관리지역,1,0,,관리지역,20221008
경상남도 양산시 원동면 영포리 182-12번지,48330,32024,0,0182,0012,1264100123601,,,,1,용도지역코드,UQB300,보전관리지역,1,0,,보전관리지역,20250109
경상남도 양산시 원동면 영포리 182-17번지,48330,32024,0,0182,0017,1264100120802,,,,1,용도지역코드,UQB300,보전관리지역,1,0,,보전관리지역,20221008
경상남도 양산시 원동면 영포리 188-3번지,48330,32024,0,0188,0003,1000000000000000250975,,,,3,용도구역코드,UMZ100,가축사육제한구역,1,0,,가축사육제한구역,20260202
경상남도 양산시 원동면 영포리 188-3번지,48330,32024,0,0188,0003,1000000000000000250975,,,,1,용도지역코드,UM2100,공장설립승인지역,0,0,,공장설립승인지역,20260202
경상남도 양산시 원동면 영포리 188-3번지,48330,32024,0,0188,0003,1000000000000000250975,,,,1,용도지역코드,UQB200,생산관리지역,1,0,,생산관리지역,20260202
경상남도 양산시 원동면 영포리 188-3번지,48330,32024,0,0188,0003,1000000000000000250975,,,,1,용도지역코드,UMN200,배출시설설치제한지역,0,0,,배출시설설치제한지역,20260202
경상남도 양산시 원동면 영포리 188-3번지,48330,32024,0,0188,0003,1264100106517,,,,1,용도지역코드,UQB200,생산관리지역,1,0,,생산관리지역,20221008
경상남도 양산시 원동면 영포리 189번지,48330,32024,0,0189,0000,1264100017056,,,,1,용도지역코드,0220,생산관리지역,1,0,,생산관리지역,20221008
경상남도 양산시 원동면 영포리 189번지,48330,32024,0,0189,0000,1264100017056,,,,3,용도구역코드,990,기타구역,1,0,,기타구역,20221008
경상남도 양산시 원동면 영포리 189번지,48330,32024,0,0189,0000,1264100106516,,,,1,용도지역코드,UQB200,생산관리지역,1,0,,생산관리지역,20221008
경상남도 양산시 원동면 영포리 189-2번지,48330,32024,0,0189,0002,12648427,,,,1,용도지역코드,0240,관리지역,1,0,,관리지역,20221008
경상남도 양산시 원동면 영포리 189-3번지,48330,32024,0,0189,0003,1264100154251,,,,1,용도지역코드,UQB300,보전관리지역,1,0,,보전관리지역,20221008
경상남도 양산시 원동면 영포리 191-1번지,48330,32024,0,0191,0001,12648463,,,,1,용도지역코드,0210,보전관리지역,1,0,,보전관리지역,20221008
경상남도 양산시 원동면 영포리 192번지,48330,32024,0,0192,0000,1264100085081,,,,1,용도지역코드,UQB200,생산관리지역,1,0,,생산관리지역,20221008
경상남도 양산시 원동면 영포리 192번지,48330,32024,0,0192,0000,1264100085081,,,,1,용도지역코드,UM2100,공장설립승인지역,0,0,,공장설립승인지역,20221008
경상남도 양산시 원동면 영포리 192번지,48330,32024,0,0192,0000,1264100085081,,,,1,용도지역코드,UMN200,배출시설설치제한지역,0,0,,배출시설설치제한지역,20221008
경상남도 양산시 원동면 영포리 207-1번지,48330,32024,0,0207,0001,1264100071659,,,,1,용도지역코드,UQB200,생산관리지역,1,0,,생산관리지역,20221008
경상남도 양산시 원동면 영포리 207-1번지,48330,32024,0,0207,0001,1264100071659,,,,1,용도지역코드,UMN200,배출시설설치제한지역,0,0,,배출시설설치제한지역,20221008
경상남도 양산시 원동면 영포리 224번지,48330,32024,0,0224,0000,12648979,,,,1,용도지역코드,0240,관리지역,1,0,,관리지역,20221008
경상남도 양산시 원동면 영포리 225번지,48330,32024,0,0225,0000,1264100010569,,,,1,용도지역코드,0240,관리지역,1,0,,관리지역,20221008
경상남도 양산시 원동면 영포리 226-4번지,48330,32024,0,0226,0004,1264100096346,,,,1,용도지역코드,UQB200,생산관리지역,1,0,,생산관리지역,20221008
경상남도 양산시 원동면 영포리 226-9번지,48330,32024,0,0226,0009,1264100112399,,,,1,용도지역코드,UQB200,생산관리지역,1,0,,생산관리지역,20221008
경상남도 양산시 원동면 영포리 226-9번지,48330,32024,0,0226,0009,1264100112399,,,,3,용도구역코드,UMZ100,가축사육제한구역,1,0,,가축사육제한구역,20221008
경상남도 양산시 원동면 영포리 226-10번지,48330,32024,0,0226,0010,1264100149730,,,,1,용도지역코드,UQB200,생산관리지역,1,0,,생산관리지역,20221008
경상남도 양산시 원동면 영포리 228번지,48330,32024,0,0228,0000,1264100013052,,,,1,용도지역코드,0220,생산관리지역,1,0,,생산관리지역,20221008
경상남도 양산시 원동면 영포리 228번지,48330,32024,0,0228,0000,1264100020159,,,,1,용도지역코드,0220,생산관리지역,1,0,,생산관리지역,20221008
경상남도 양산시 원동면 영포리 229-2번지,48330,32024,0,0229,0002,1000000000000000466786,,,,3,용도구역코드,UMZ100,가축사육제한구역,1,0,,가축사육제한구역,20240227
경상남도 양산시 원동면 영포리 229-2번지,48330,32024,0,0229,0002,1000000000000000466786,,,,1,용도지역코드,UM2100,공장설립승인지역,0,0,,공장설립승인지역,20240227
경상남도 양산시 원동면 영포리 229-2번지,48330,32024,0,0229,0002,1000000000000000466786,,,,1,용도지역코드,UQB200,생산관리지역,1,0,,생산관리지역,20240227
경상남도 양산시 원동면 영포리 229-2번지,48330,32024,0,0229,0002,1000000000000000466786,,,,1,용도지역코드,UMN200,배출시설설치제한지역,0,0,,배출시설설치제한지역,20240227
경상남도 양산시 원동면 영포리 229-2번지,48330,32024,0,0229,0002,1000000000000000466786,,,,1,용도지역코드,UOC800,역사문화환경보존지역,0,0,,역사문화환경보존지역,20240227
경상남도 양산시 원동면 영포리 229-2번지,48330,32024,0,0229,0002,1264100111258,,,,1,용도지역코드,UQB200,생산관리지역,1,0,,생산관리지역,20221008
경상남도 양산시 원동면 영포리 229-2번지,48330,32024,0,0229,0002,1264100111258,,,,1,용도지역코드,UM2100,공장설립승인지역,0,0,,공장설립승인지역,20221008
경상남도 양산시 원동면 영포리 229-2번지,48330,32024,0,0229,0002,1264100111258,,,,1,용도지역코드,UMN200,배출시설설치제한지역,0,0,,배출시설설치제한지역,20221008
경상남도 양산시 원동면 영포리 244-1번지,48330,32024,0,0244,0001,1000000000000000751656,,,,1,용도지역코드,UQB200,생산관리지역,1,0,,생산관리지역,20250624
경상남도 양산시 원동면 영포리 248-1번지,48330,32024,0,0248,0001,1264100153071,,,,1,용도지역코드,UQB300,보전관리지역,1,0,,보전관리지역,20221008
경상남도 양산시 원동면 영포리 248-1번지,48330,32024,0,0248,0001,1264100153071,,,,1,용도지역코드,UMN200,배출시설설치제한지역,0,0,,배출시설설치제한지역,20221008
경상남도 양산시 원동면 영포리 248-1번지,48330,32024,0,0248,0001,1264100153071,,,,1,용도지역코드,UM2100,공장설립승인지역,0,0,,공장설립승인지역,20221008
경상남도 양산시 원동면 영포리 259번지,48330,32024,0,0259,0000,1264100154051,,,,1,용도지역코드,UQB300,보전관리지역,1,0,,보전관리지역,20221008
경상남도 양산시 원동면 영포리 259번지,48330,32024,0,0259,0000,1264100056869,,,,1,용도지역코드,UQB300,보전관리지역,1,0,,보전관리지역,20221008
경상남도 양산시 원동면 영포리 259번지,48330,32024,0,0259,0000,1264100056869,,,,1,용도지역코드,UMN200,배출시설설치제한지역,0,0,,배출시설설치제한지역,20221008
경상남도 양산시 원동면 영포리 259번지,48330,32024,0,0259,0000,1264100056869,,,,1,용도지역코드,UM2100,공장설립승인지역,0,0,,공장설립승인지역,20221008
경상남도 양산시 원동면 영포리 259번지,48330,32024,0,0259,0000,12648064,,,,1,용도지역코드,0230,계획관리지역,1,0,,계획관리지역,20221008
경상남도 양산시 원동면 영포리 263-1번지,48330,32024,0,0263,0001,1264100157830,,,,1,용도지역코드,UOC800,역사문화환경보존지역,0,0,,역사문화환경보존지역,20230419
경상남도 양산시 원동면 영포리 263-1번지,48330,32024,0,0263,0001,1264100157830,,,,1,용도지역코드,UQB300,보전관리지역,1,0,,보전관리지역,20230419
경상남도 양산시 원동면 영포리 267번지,48330,32024,0,0267,0000,1264100020496,,,,1,용도지역코드,0210,보전관리지역,1,0,,보전관리지역,20221008
경상남도 양산시 원동면 영포리 267번지,48330,32024,0,0267,0000,1264100020496,,,,1,용도지역코드,3200,배출시설설치제한지역,0,0,,배출시설설치제한지역,20221008
경상남도 양산시 원동면 영포리 267번지,48330,32024,0,0267,0000,1264100020496,,,,2,용도지구코드,,,1,0,,,20221008
경상남도 양산시 원동면 영포리 267번지,48330,32024,0,0267,0000,1264100020496,,,,3,용도구역코드,320,문화재보호구역,1,0,,문화재보호구역,20221008
경상남도 양산시 원동면 영포리 268번지,48330,32024,0,0268,0000,1264100112537,,,,1,용도지역코드,UMN200,배출시설설치제한지역,,,,배출시설설치제한지역,20221008
경상남도 양산시 원동면 영포리 268번지,48330,32024,0,0268,0000,1264100112537,,,,1,용도지역코드,UQC001,농림지역,1,0,,농림지역,20221008
경상남도 양산시 원동면 영포리 268번지,48330,32024,0,0268,0000,1264100112537,,,,1,용도지역코드,UFM120,공익용산지,0,0,,공익용산지,20221008
경상남도 양산시 원동면 영포리 268번지,48330,32024,0,0268,0000,1264100112537,,,,1,용도지역코드,UQB300,보전관리지역,0,0,,보전관리지역,20221008
경상남도 양산시 원동면 영포리 268번지,48330,32024,0,0268,0000,1264100112537,,,,3,용도구역코드,UOC100,보호구역,1,0,,문화재보호구역,20221008
경상남도 양산시 원동면 영포리 268번지,48330,32024,0,0268,0000,1264100046466,,,,1,용도지역코드,UQB300,보전관리지역,1,0,,보전관리지역,20221008
경상남도 양산시 원동면 영포리 268번지,48330,32024,0,0268,0000,1264100046466,,,,1,용도지역코드,UMN200,배출시설설치제한지역,0,0,,배출시설설치제한지역,20221008
경상남도 양산시 원동면 영포리 268번지,48330,32024,0,0268,0000,1000000000000000773691,,,,1,용도지역코드,UQB300,보전관리지역,1,0,,보전관리지역,20250729
경상남도 양산시 원동면 영포리 268번지,48330,32024,0,0268,0000,1000000000000000773691,,,,3,용도구역코드,UOC510,국가지정문화재구역,1,0,,국가지정문화재구역,20250729
경상남도 양산시 원동면 영포리 268번지,48330,32024,0,0268,0000,1264100096607,,,,1,용도지역코드,UQB300,보전관리지역,1,0,,보전관리지역,20221008
경상남도 양산시 원동면 영포리 268번지,48330,32024,0,0268,0000,1264100096607,,,,1,용도지역코드,UMN200,배출시설설치제한지역,0,0,,배출시설설치제한지역,20221008
경상남도 양산시 원동면 영포리 268번지,48330,32024,0,0268,0000,1264100096607,,,,3,용도구역코드,UOC510,국가지정문화재구역,1,0,,국가지정문화재구역,20221008
경상남도 양산시 원동면 영포리 318-1번지,48330,32024,0,0318,0001,1264100157230,,,,3,용도구역코드,UMZ100,가축사육제한구역,1,0,,가축사육제한구역,20230426
경상남도 양산시 원동면 영포리 318-1번지,48330,32024,0,0318,0001,1264100157230,,,,1,용도지역코드,UQB200,생산관리지역,1,0,,생산관리지역,20230426
경상남도 양산시 원동면 영포리 379-2번지,48330,32024,0,0379,0002,1000000000000000821457,,,,2,용도지구코드,UQN110,주거개발진흥지구,1,0,,주거개발진흥지구,20251015
경상남도 양산시 원동면 영포리 379-2번지,48330,32024,0,0379,0002,1000000000000000821457,,,,1,용도지역코드,UQB100,계획관리지역,1,0,,계획관리지역,20251015
경상남도 양산시 원동면 영포리 379-2번지,48330,32024,0,0379,0002,1000000000000000821457,,,,3,용도구역코드,UQQ300,지구단위계획구역,1,0,,지구단위계획구역,20251015
경상남도 양산시 원동면 영포리 389번지,48330,32024,0,0389,0000,1264165,,,,1,용도지역코드,0700,취락지역,1,0,,취락지역,20221008
경상남도 양산시 원동면 영포리 390번지,48330,32024,0,0390,0000,1264100047486,,,,1,용도지역코드,UQB100,계획관리지역,1,0,,계획관리지역,20221008
경상남도 양산시 원동면 영포리 390번지,48330,32024,0,0390,0000,1264100047486,,,,2,용도지구코드,UQN110,주거개발진흥지구,1,0,,주거개발진흥지구,20221008
경상남도 양산시 원동면 영포리 390번지,48330,32024,0,0390,0000,1264100047486,,,,3,용도구역코드,UQQ320,제2종지구단위계획구역,1,0,,제2종지구단위계획구역,20221008
경상남도 양산시 원동면 영포리 403-1번지,48330,32024,0,0403,0001,12648402,,,,1,용도지역코드,UQB200,생산관리지역,1,0,,생산관리지역,20221008
경상남도 양산시 원동면 영포리 405번지,48330,32024,0,0405,0000,1264100038015,,,,1,용도지역코드,UQB300,보전관리지역,1,0,,보전관리지역,20221008
경상남도 양산시 원동면 영포리 405번지,48330,32024,0,0405,0000,1264100038015,,,,1,용도지역코드,UMN200,배출시설설치제한지역,0,0,,배출시설설치제한지역,20221008
경상남도 양산시 원동면 영포리 406-1번지,48330,32024,0,0406,0001,1264100107555,,,,1,용도지역코드,UQB200,생산관리지역,1,0,,생산관리지역,20221008
경상남도 양산시 원동면 영포리 432번지,48330,32024,0,0432,0000,1264100016235,,,,1,용도지역코드,0230,계획관리지역,1,0,,계획관리지역,20221008
경상남도 양산시 원동면 영포리 432번지,48330,32024,0,0432,0000,1264100016235,,,,2,용도지구코드,421,주거개발진흥지구,1,0,,주거개발진흥지구,20221008
경상남도 양산시 원동면 영포리 432번지,48330,32024,0,0432,0000,1264100016235,,,,3,용도구역코드,302,제2종지구단위계획구역,1,0,,제2종지구단위계획구역,20221008
경상남도 양산시 원동면 영포리 434-1번지,48330,32024,0,0434,0001,12646743,,,,3,용도구역코드,302,제2종지구단위계획구역,1,0,,제2종지구단위계획구역,20221008
경상남도 양산시 원동면 영포리 435번지,48330,32024,0,0435,0000,12649519,,,,1,용도지역코드,0240,관리지역,1,0,,관리지역,20221008
경상남도 양산시 원동면 영포리 435번지,48330,32024,0,0435,0000,12649519,,,,2,용도지구코드,421,주거개발진흥지구,1,0,,주거개발진흥지구,20221008
경상남도 양산시 원동면 영포리 435번지,48330,32024,0,0435,0000,12649519,,,,3,용도구역코드,302,제2종지구단위계획구역,1,0,,제2종지구단위계획구역,20221008
경상남도 양산시 원동면 영포리 436번지,48330,32024,0,0436,0000,12646365,,,,1,용도지역코드,0230,계획관리지역,1,0,,계획관리지역,20221008
경상남도 양산시 원동면 영포리 436번지,48330,32024,0,0436,0000,12646365,,,,3,용도구역코드,302,제2종지구단위계획구역,1,0,,제2종지구단위계획구역,20221008
경상남도 양산시 원동면 영포리 437번지,48330,32024,0,0437,0000,1264100024050,,,,1,용도지역코드,UQB100,계획관리지역,1,0,,계획관리지역,20221008
경상남도 양산시 원동면 영포리 437번지,48330,32024,0,0437,0000,1264100024050,,,,2,용도지구코드,UQN110,주거개발진흥지구,1,0,,주거개발진흥지구,20221008
경상남도 양산시 원동면 영포리 437번지,48330,32024,0,0437,0000,1264100024050,,,,3,용도구역코드,UQQ320,제2종지구단위계획구역,1,0,,제2종지구단위계획구역,20221008
경상남도 양산시 원동면 영포리 438-3번지,48330,32024,0,0438,0003,12649609,,,,1,용도지역코드,0240,관리지역,1,0,,관리지역,20221008
경상남도 양산시 원동면 영포리 438-3번지,48330,32024,0,0438,0003,12649609,,,,3,용도구역코드,302,제2종지구단위계획구역,1,0,,제2종지구단위계획구역,20221008
경상남도 양산시 원동면 영포리 438-3번지,48330,32024,0,0438,0003,12648926,,,,1,용도지역코드,0240,관리지역,1,0,,관리지역,20221008
경상남도 양산시 원동면 영포리 438-3번지,48330,32024,0,0438,0003,12648926,,,,2,용도지구코드,421,주거개발진흥지구,1,0,,주거개발진흥지구,20221008
경상남도 양산시 원동면 영포리 438-3번지,48330,32024,0,0438,0003,12648926,,,,3,용도구역코드,302,제2종지구단위계획구역,1,0,,제2종지구단위계획구역,20221008
경상남도 양산시 원동면 영포리 440번지,48330,32024,0,0440,0000,1264100126001,,,,1,용도지역코드,UQB100,계획관리지역,1,0,,계획관리지역,20221008
경상남도 양산시 원동면 영포리 440번지,48330,32024,0,0440,0000,1264100126001,,,,2,용도지구코드,UQN100,개발진흥지구,1,0,,개발진흥지구,20221008
경상남도 양산시 원동면 영포리 440번지,48330,32024,0,0440,0000,1264100126001,,,,3,용도구역코드,UQQ320,제2종지구단위계획구역,1,0,,제2종지구단위계획구역,20221008
경상남도 양산시 원동면 영포리 440번지,48330,32024,0,0440,0000,1264100102777,,,,1,용도지역코드,UQB100,계획관리지역,1,0,,계획관리지역,20221008
경상남도 양산시 원동면 영포리 440번지,48330,32024,0,0440,0000,1264100102777,,,,3,용도구역코드,UQQ320,제2종지구단위계획구역,1,0,,제2종지구단위계획구역,20221008
경상남도 양산시 원동면 영포리 445번지,48330,32024,0,0445,0000,12648444,,,,1,용도지역코드,0240,관리지역,1,0,,관리지역,20221008
경상남도 양산시 원동면 영포리 445번지,48330,32024,0,0445,0000,12648444,,,,2,용도지구코드,421,주거개발진흥지구,1,0,,주거개발진흥지구,20221008
경상남도 양산시 원동면 영포리 445번지,48330,32024,0,0445,0000,12648444,,,,3,용도구역코드,302,제2종지구단위계획구역,1,0,,제2종지구단위계획구역,20221008
경상남도 양산시 원동면 영포리 470번지,48330,32024,0,0470,0000,1264100152512,,,,1,용도지역코드,UQB200,생산관리지역,1,0,,생산관리지역,20221008
경상남도 양산시 원동면 영포리 470번지,48330,32024,0,0470,0000,1264100152512,,,,1,용도지역코드,UMN200,배출시설설치제한지역,0,0,,배출시설설치제한지역,20221008
경상남도 양산시 원동면 영포리 470번지,48330,32024,0,0470,0000,1264100152512,,,,1,용도지역코드,UM2100,공장설립승인지역,0,0,,공장설립승인지역,20221008
경상남도 양산시 원동면 영포리 483번지,48330,32024,0,0483,0000,1264100028430,,,,1,용도지역코드,UQB100,계획관리지역,1,0,,계획관리지역,20221008
경상남도 양산시 원동면 영포리 483번지,48330,32024,0,0483,0000,1264100028430,,,,2,용도지구코드,UQN110,주거개발진흥지구,1,0,,주거개발진흥지구,20221008
경상남도 양산시 원동면 영포리 483번지,48330,32024,0,0483,0000,1264100028430,,,,3,용도구역코드,UQQ320,제2종지구단위계획구역,1,0,,제2종지구단위계획구역,20221008
경상남도 양산시 원동면 영포리 483번지,48330,32024,0,0483,0000,1264100031677,,,,1,용도지역코드,UQB100,계획관리지역,1,0,,계획관리지역,20221008
경상남도 양산시 원동면 영포리 483번지,48330,32024,0,0483,0000,1264100031677,,,,1,용도지역코드,UMN200,배출시설설치제한지역,0,0,,배출시설설치제한지역,20221008
경상남도 양산시 원동면 영포리 483번지,48330,32024,0,0483,0000,1264100031677,,,,2,용도지구코드,UQN110,주거개발진흥지구,1,0,,주거개발진흥지구,20221008
경상남도 양산시 원동면 영포리 483번지,48330,32024,0,0483,0000,1264100031677,,,,3,용도구역코드,UQQ320,제2종지구단위계획구역,1,0,,제2종지구단위계획구역,20221008
경상남도 양산시 원동면 영포리 483번지,48330,32024,0,0483,0000,12642032,,,,1,용도지역코드,Z100,준도시지역,1,0,,준도시지역,20221008
경상남도 양산시 원동면 영포리 483번지,48330,32024,0,0483,0000,12642032,,,,1,용도지역코드,Z200,준농림지역,0,0,,준농림지역,20221008
경상남도 양산시 원동면 영포리 483번지,48330,32024,0,0483,0000,1264100033205,,,,1,용도지역코드,UQB100,계획관리지역,1,0,,계획관리지역,20221008
경상남도 양산시 원동면 영포리 483번지,48330,32024,0,0483,0000,1264100033205,,,,1,용도지역코드,UMN200,배출시설설치제한지역,0,0,,배출시설설치제한지역,20221008
경상남도 양산시 원동면 영포리 483번지,48330,32024,0,0483,0000,1264100033205,,,,2,용도지구코드,UQN110,주거개발진흥지구,1,0,,주거개발진흥지구,20221008
경상남도 양산시 원동면 영포리 483번지,48330,32024,0,0483,0000,1264100033205,,,,3,용도구역코드,UQQ320,제2종지구단위계획구역,1,0,,제2종지구단위계획구역,20221008
경상남도 양산시 원동면 영포리 484-1번지,48330,32024,0,0484,0001,1000000000000000845392,,,,1,용도지역코드,UQB100,계획관리지역,1,0,,계획관리지역,20251120
경상남도 양산시 원동면 영포리 484-1번지,48330,32024,0,0484,0001,1000000000000000845392,,,,2,용도지구코드,UQN110,주거개발진흥지구,1,0,,주거개발진흥지구,20251120
경상남도 양산시 원동면 영포리 484-1번지,48330,32024,0,0484,0001,1000000000000000845392,,,,3,용도구역코드,UQQ300,지구단위계획구역,1,0,,지구단위계획구역,20251120
경상남도 양산시 원동면 영포리 484-1번지,48330,32024,0,0484,0001,1264100150990,,,,1,용도지역코드,UQB100,계획관리지역,1,0,,계획관리지역,20221008
경상남도 양산시 원동면 영포리 484-1번지,48330,32024,0,0484,0001,1264100150990,,,,2,용도지구코드,UQN110,주거개발진흥지구,1,0,,주거개발진흥지구,20221008
경상남도 양산시 원동면 영포리 484-1번지,48330,32024,0,0484,0001,1264100150990,,,,3,용도구역코드,UQQ320,제2종지구단위계획구역,1,0,,제2종지구단위계획구역,20221008
경상남도 양산시 원동면 영포리 506-1번지,48330,32024,0,0506,0001,1264100115099,,,,1,용도지역코드,UQB100,계획관리지역,1,0,,계획관리지역,20221008
경상남도 양산시 원동면 영포리 506-1번지,48330,32024,0,0506,0001,1264100115099,,,,1,용도지역코드,UM2100,공장설립승인지역,0,0,,공장설립승인지역,20221008
경상남도 양산시 원동면 영포리 506-1번지,48330,32024,0,0506,0001,1264100115099,,,,1,용도지역코드,UMN200,배출시설설치제한지역,0,0,,배출시설설치제한지역,20221008
경상남도 양산시 원동면 영포리 506-1번지,48330,32024,0,0506,0001,1264100115099,,,,2,용도지구코드,UQN110,주거개발진흥지구,1,0,,주거개발진흥지구,20221008
경상남도 양산시 원동면 영포리 506-1번지,48330,32024,0,0506,0001,1264100115099,,,,3,용도구역코드,UQQ320,제2종지구단위계획구역,1,0,,제2종지구단위계획구역,20221008
경상남도 양산시 원동면 영포리 506-1번지,48330,32024,0,0506,0001,1264100115099,,,,3,용도구역코드,UMZ100,가축사육제한구역,0,0,,가축사육제한구역,20221008
경상남도 양산시 원동면 영포리 506-1번지,48330,32024,0,0506,0001,1264100048307,,,,1,용도지역코드,UQB100,계획관리지역,1,0,,계획관리지역,20221008
경상남도 양산시 원동면 영포리 506-1번지,48330,32024,0,0506,0001,1264100048307,,,,3,용도구역코드,UQQ320,제2종지구단위계획구역,1,0,,제2종지구단위계획구역,20221008
경상남도 양산시 원동면 영포리 507-4번지,48330,32024,0,0507,0004,1264100020676,,,,1,용도지역코드,0230,계획관리지역,1,0,,계획관리지역,20221008
경상남도 양산시 원동면 영포리 507-4번지,48330,32024,0,0507,0004,1264100020676,,,,3,용도구역코드,302,제2종지구단위계획구역,1,0,,제2종지구단위계획구역,20221008
경상남도 양산시 원동면 영포리 507-4번지,48330,32024,0,0507,0004,1264100022527,,,,1,용도지역코드,UQB100,계획관리지역,1,0,,계획관리지역,20221008
경상남도 양산시 원동면 영포리 507-4번지,48330,32024,0,0507,0004,1264100022527,,,,2,용도지구코드,UQN110,주거개발진흥지구,1,0,,주거개발진흥지구,20221008
경상남도 양산시 원동면 영포리 507-4번지,48330,32024,0,0507,0004,1264100022527,,,,3,용도구역코드,UQQ320,제2종지구단위계획구역,1,0,,제2종지구단위계획구역,20221008
경상남도 양산시 원동면 영포리 507-6번지,48330,32024,0,0507,0006,1264100032378,,,,1,용도지역코드,UQB100,계획관리지역,1,0,,계획관리지역,20221008
경상남도 양산시 원동면 영포리 507-6번지,48330,32024,0,0507,0006,1264100032378,,,,1,용도지역코드,UMN200,배출시설설치제한지역,0,0,,배출시설설치제한지역,20221008
경상남도 양산시 원동면 영포리 507-6번지,48330,32024,0,0507,0006,1264100032378,,,,2,용도지구코드,UQN110,주거개발진흥지구,1,0,,주거개발진흥지구,20221008
경상남도 양산시 원동면 영포리 507-6번지,48330,32024,0,0507,0006,1264100032378,,,,3,용도구역코드,UQQ320,제2종지구단위계획구역,1,0,,제2종지구단위계획구역,20221008
경상남도 양산시 원동면 영포리 507-6번지,48330,32024,0,0507,0006,1264100036912,,,,1,용도지역코드,UQB100,계획관리지역,1,0,,계획관리지역,20221008
경상남도 양산시 원동면 영포리 507-6번지,48330,32024,0,0507,0006,1264100036912,,,,1,용도지역코드,UMN200,배출시설설치제한지역,0,0,,배출시설설치제한지역,20221008
경상남도 양산시 원동면 영포리 507-6번지,48330,32024,0,0507,0006,1264100036912,,,,2,용도지구코드,UQN110,주거개발진흥지구,1,0,,주거개발진흥지구,20221008
경상남도 양산시 원동면 영포리 507-6번지,48330,32024,0,0507,0006,1264100036912,,,,3,용도구역코드,UQQ320,제2종지구단위계획구역,1,0,,제2종지구단위계획구역,20221008
경상남도 양산시 원동면 영포리 507-6번지,48330,32024,0,0507,0006,1264100009752,,,,1,용도지역코드,0230,계획관리지역,1,0,,계획관리지역,20221008
경상남도 양산시 원동면 영포리 507-6번지,48330,32024,0,0507,0006,1264100009752,,,,2,용도지구코드,421,주거개발진흥지구,1,0,,주거개발진흥지구,20221008
경상남도 양산시 원동면 영포리 507-6번지,48330,32024,0,0507,0006,1264100009752,,,,3,용도구역코드,302,제2종지구단위계획구역,1,0,,제2종지구단위계획구역,20221008
경상남도 양산시 원동면 영포리 507-11번지,48330,32024,0,0507,0011,1264100026330,,,,1,용도지역코드,UQB100,계획관리지역,1,0,,계획관리지역,20221008
경상남도 양산시 원동면 영포리 507-11번지,48330,32024,0,0507,0011,1264100026330,,,,1,용도지역코드,UMN200,배출시설설치제한지역,0,0,,배출시설설치제한지역,20221008
경상남도 양산시 원동면 영포리 507-11번지,48330,32024,0,0507,0011,1264100026330,,,,2,용도지구코드,UQN110,주거개발진흥지구,1,0,,주거개발진흥지구,20221008
경상남도 양산시 원동면 영포리 507-11번지,48330,32024,0,0507,0011,1264100026330,,,,3,용도구역코드,UQQ320,제2종지구단위계획구역,1,0,,제2종지구단위계획구역,20221008
경상남도 양산시 원동면 영포리 513번지,48330,32024,0,0513,0000,12646691,,,,1,용도지역코드,0230,계획관리지역,1,0,,계획관리지역,20221008
경상남도 양산시 원동면 영포리 513번지,48330,32024,0,0513,0000,12646691,,,,3,용도구역코드,302,제2종지구단위계획구역,1,0,,제2종지구단위계획구역,20221008
경상남도 양산시 원동면 영포리 516번지,48330,32024,0,0516,0000,12648367,,,,1,용도지역코드,0230,계획관리지역,1,0,,계획관리지역,20221008
경상남도 양산시 원동면 영포리 516번지,48330,32024,0,0516,0000,12648367,,,,3,용도구역코드,302,제2종지구단위계획구역,1,0,,제2종지구단위계획구역,20221008
경상남도 양산시 원동면 영포리 519번지,48330,32024,0,0519,0000,1264100004886,,,,1,용도지역코드,0240,관리지역,1,0,,관리지역,20221008
경상남도 양산시 원동면 영포리 519번지,48330,32024,0,0519,0000,1264100004886,,,,2,용도지구코드,421,주거개발진흥지구,1,0,,주거개발진흥지구,20221008
경상남도 양산시 원동면 영포리 519번지,48330,32024,0,0519,0000,1264100004886,,,,3,용도구역코드,302,제2종지구단위계획구역,1,0,,제2종지구단위계획구역,20221008
경상남도 양산시 원동면 영포리 528번지,48330,32024,0,0528,0000,1264100112299,,,,1,용도지역코드,UQB100,계획관리지역,1,0,,계획관리지역,20221008
경상남도 양산시 원동면 영포리 528번지,48330,32024,0,0528,0000,1264100112299,,,,1,용도지역코드,UM2100,공장설립승인지역,0,0,,공장설립승인지역,20221008
경상남도 양산시 원동면 영포리 528번지,48330,32024,0,0528,0000,1264100112299,,,,1,용도지역코드,UMN200,배출시설설치제한지역,0,0,,배출시설설치제한지역,20221008
경상남도 양산시 원동면 영포리 528번지,48330,32024,0,0528,0000,1264100112299,,,,2,용도지구코드,UQN110,주거개발진흥지구,1,0,,주거개발진흥지구,20221008
경상남도 양산시 원동면 영포리 528번지,48330,32024,0,0528,0000,1264100112299,,,,3,용도구역코드,UQQ320,제2종지구단위계획구역,1,0,,제2종지구단위계획구역,20221008
경상남도 양산시 원동면 영포리 528번지,48330,32024,0,0528,0000,1264100112299,,,,3,용도구역코드,UMZ100,가축사육제한구역,0,0,,가축사육제한구역,20221008
경상남도 양산시 원동면 영포리 537번지,48330,32024,0,0537,0000,1264100053618,,,,1,용도지역코드,UQB200,생산관리지역,1,0,,생산관리지역,20221008
경상남도 양산시 원동면 영포리 537번지,48330,32024,0,0537,0000,1264100109456,,,,1,용도지역코드,UQB200,생산관리지역,1,0,,생산관리지역,20221008
경상남도 양산시 원동면 영포리 537번지,48330,32024,0,0537,0000,1264100049145,,,,1,용도지역코드,UQB200,생산관리지역,1,0,,생산관리지역,20221008
경상남도 양산시 원동면 영포리 537번지,48330,32024,0,0537,0000,1264100015475,,,,1,용도지역코드,0220,생산관리지역,1,0,,생산관리지역,20221008
경상남도 양산시 원동면 영포리 543번지,48330,32024,0,0543,0000,1264100024870,,,,1,용도지역코드,UQB200,생산관리지역,1,0,,생산관리지역,20221008
경상남도 양산시 원동면 영포리 546-1번지,48330,32024,0,0546,0001,1264100075544,,,,1,용도지역코드,UQB200,생산관리지역,1,,,생산관리지역,20260806
경상남도 양산시 원동면 영포리 546-1번지,48330,32024,0,0546,0001,1264100075544,,,,3,용도구역코드,UMZ100,가축사육제한구역,1,,,가축사육제한구역,20260806
경상남도 양산시 원동면 영포리 547-2번지,48330,32024,0,0547,0002,1000000000000000382258,,,,1,용도지역코드,UQB200,생산관리지역,1,0,,생산관리지역,20230927
경상남도 양산시 원동면 영포리 547-2번지,48330,32024,0,0547,0002,1000000000000000382258,,,,3,용도구역코드,UMZ100,가축사육제한구역,1,0,,가축사육제한구역,20230927
경상남도 양산시 원동면 영포리 547-2번지,48330,32024,0,0547,0002,1000000000000000382258,,,,1,용도지역코드,UM2100,공장설립승인지역,0,0,,공장설립승인지역,20230927
경상남도 양산시 원동면 영포리 547-2번지,48330,32024,0,0547,0002,1000000000000000382258,,,,1,용도지역코드,UMN200,배출시설설치제한지역,0,0,,배출시설설치제한지역,20230927
경상남도 양산시 원동면 영포리 558번지,48330,32024,0,0558,0000,1000000000000000437186,,,,1,용도지역코드,UQB200,생산관리지역,1,0,,생산관리지역,20231228
경상남도 양산시 원동면 영포리 558번지,48330,32024,0,0558,0000,1000000000000000437186,,,,1,용도지역코드,UMN200,배출시설설치제한지역,0,0,,배출시설설치제한지역,20231228
경상남도 양산시 원동면 영포리 558번지,48330,32024,0,0558,0000,1000000000000000437186,,,,1,용도지역코드,UM1100,공장설립제한지역,0,0,,공장설립제한지역,20231228
경상남도 양산시 원동면 영포리 558번지,48330,32024,0,0558,0000,1000000000000000437186,,,,3,용도구역코드,UMZ100,가축사육제한구역,1,0,,가축사육제한구역,20231228
경상남도 양산시 원동면 영포리 565-3번지,48330,32024,0,0565,0003,1264100117961,,,,1,용도지역코드,UQB200,생산관리지역,1,0,,생산관리지역,20221008
경상남도 양산시 원동면 영포리 565-3번지,48330,32024,0,0565,0003,1264100117961,,,,1,용도지역코드,UM2100,공장설립승인지역,0,0,,공장설립승인지역,20221008
경상남도 양산시 원동면 영포리 565-3번지,48330,32024,0,0565,0003,1264100117961,,,,1,용도지역코드,UMN200,배출시설설치제한지역,0,0,,배출시설설치제한지역,20221008
경상남도 양산시 원동면 영포리 570-1번지,48330,32024,0,0570,0001,1264100022490,,,,1,용도지역코드,UQB200,생산관리지역,1,0,,생산관리지역,20221008
경상남도 양산시 원동면 영포리 570-1번지,48330,32024,0,0570,0001,1264100022490,,,,1,용도지역코드,UMN200,배출시설설치제한지역,0,0,,배출시설설치제한지역,20221008
경상남도 양산시 원동면 영포리 587-6번지,48330,32024,0,0587,0006,1264100090884,,,,1,용도지역코드,UQB200,생산관리지역,1,0,,생산관리지역,20221008
경상남도 양산시 원동면 영포리 587-6번지,48330,32024,0,0587,0006,1264100090884,,,,1,용도지역코드,UM2100,공장설립승인지역,0,0,,공장설립승인지역,20221008
경상남도 양산시 원동면 영포리 587-6번지,48330,32024,0,0587,0006,1264100090884,,,,1,용도지역코드,UMN200,배출시설설치제한지역,0,0,,배출시설설치제한지역,20221008
경상남도 양산시 원동면 영포리 594번지,48330,32024,0,0594,0000,1264100151691,,,,1,용도지역코드,UQB200,생산관리지역,1,0,,생산관리지역,20230927
경상남도 양산시 원동면 영포리 594-1번지,48330,32024,0,0594,0001,1264100152252,,,,1,용도지역코드,UQB200,생산관리지역,1,0,,생산관리지역,20230927
경상남도 양산시 원동면 영포리 594-1번지,48330,32024,0,0594,0001,1264100152252,,,,3,용도구역코드,UMZ100,가축사육제한구역,1,0,,가축사육제한구역,20230927
경상남도 양산시 원동면 영포리 598번지,48330,32024,0,0598,0000,1000000000000001004322,,,,1,용도지역코드,UQB200,생산관리지역,1,0,,생산관리지역,20260730
경상남도 양산시 원동면 영포리 599-5번지,48330,32024,0,0599,0005,12649655,,599,3,1,용도지역코드,Z200,준농림지역,1,0,,준농림지역,20221008
경상남도 양산시 원동면 영포리 599-5번지,48330,32024,0,0599,0005,12641720,,,,1,용도지역코드,0230,계획관리지역,1,0,,계획관리지역,20221008
경상남도 양산시 원동면 영포리 603-2번지,48330,32024,0,0603,0002,1000000000000000503338,,,,3,용도구역코드,UMZ100,가축사육제한구역,1,0,,가축사육제한구역,20240424
경상남도 양산시 원동면 영포리 603-2번지,48330,32024,0,0603,0002,1000000000000000503338,,,,1,용도지역코드,UMN200,배출시설설치제한지역,0,0,,배출시설설치제한지역,20240424
경상남도 양산시 원동면 영포리 603-2번지,48330,32024,0,0603,0002,1000000000000000503338,,,,1,용도지역코드,UM2100,공장설립승인지역,0,0,,공장설립승인지역,20240424
경상남도 양산시 원동면 영포리 603-2번지,48330,32024,0,0603,0002,1000000000000000503338,,,,1,용도지역코드,UQB200,생산관리지역,1,0,,생산관리지역,20240424
경상남도 양산시 원동면 영포리 603-3번지,48330,32024,0,0603,0003,1264100130765,,,,1,용도지역코드,UQB200,생산관리지역,1,0,,생산관리지역,20221008
경상남도 양산시 원동면 영포리 603-4번지,48330,32024,0,0603,0004,1000000000000000235222,,,,3,용도구역코드,UMZ100,가축사육제한구역,1,0,,가축사육제한구역,20251201
경상남도 양산시 원동면 영포리 603-4번지,48330,32024,0,0603,0004,1000000000000000235222,,,,1,용도지역코드,UMN200,배출시설설치제한지역,0,0,,배출시설설치제한지역,20251201
경상남도 양산시 원동면 영포리 603-4번지,48330,32024,0,0603,0004,1000000000000000235222,,,,1,용도지역코드,UM2100,공장설립승인지역,0,0,,공장설립승인지역,20251201
경상남도 양산시 원동면 영포리 603-4번지,48330,32024,0,0603,0004,1000000000000000235222,,,,1,용도지역코드,UQB200,생산관리지역,1,0,,생산관리지역,20251201
경상남도 양산시 원동면 영포리 636번지,48330,32024,0,0636,0000,1264100065659,,,,1,용도지역코드,UQB200,생산관리지역,1,0,,생산관리지역,20221008
경상남도 양산시 원동면 영포리 636번지,48330,32024,0,0636,0000,1264100065659,,,,1,용도지역코드,UMN200,배출시설설치제한지역,0,0,,배출시설설치제한지역,20221008
경상남도 양산시 원동면 영포리 636번지,48330,32024,0,0636,0000,1264100065659,,,,1,용도지역코드,UM2100,공장설립승인지역,0,0,,공장설립승인지역,20221008
경상남도 양산시 원동면 영포리 636번지,48330,32024,0,0636,0000,1264100065659,,,,3,용도구역코드,UJB100,하천구역,1,0,,하천구역,20221008
경상남도 양산시 원동면 영포리 638번지,48330,32024,0,0638,0000,12649579,,,,1,용도지역코드,0240,관리지역,1,0,,관리지역,20221008
경상남도 양산시 원동면 영포리 653-12번지,48330,32024,0,0653,0012,12648948,,,,1,용도지역코드,0240,관리지역,1,0,,관리지역,20221008
경상남도 양산시 원동면 영포리 653-26번지,48330,32024,0,0653,0026,12648429,,,,1,용도지역코드,0240,관리지역,1,0,,관리지역,20221008
경상남도 양산시 원동면 영포리 653-27번지,48330,32024,0,0653,0027,1000000000000000576313,,,,1,용도지역코드,UQB300,보전관리지역,1,0,,보전관리지역,20240826
경상남도 양산시 원동면 영포리 653-27번지,48330,32024,0,0653,0027,1000000000000000576313,,,,3,용도구역코드,UMZ100,가축사육제한구역,1,0,,가축사육제한구역,20240826
경상남도 양산시 원동면 영포리 653-27번지,48330,32024,0,0653,0027,1000000000000000576309,,,,3,용도구역코드,UMZ100,가축사육제한구역,1,0,,가축사육제한구역,20240904
경상남도 양산시 원동면 영포리 653-27번지,48330,32024,0,0653,0027,1000000000000000576309,,,,1,용도지역코드,UQB300,보전관리지역,1,0,,보전관리지역,20240904
경상남도 양산시 원동면 영포리 653-27번지,48330,32024,0,0653,0027,1264100148018,,,,1,용도지역코드,UQB300,보전관리지역,1,0,,보전관리지역,20221008
경상남도 양산시 원동면 영포리 653-27번지,48330,32024,0,0653,0027,1264100148018,,,,1,용도지역코드,UM2100,공장설립승인지역,0,0,,공장설립승인지역,20221008
경상남도 양산시 원동면 영포리 653-27번지,48330,32024,0,0653,0027,1264100148018,,,,1,용도지역코드,UMN200,배출시설설치제한지역,0,0,,배출시설설치제한지역,20221008
경상남도 양산시 원동면 영포리 653-27번지,48330,32024,0,0653,0027,1264100148018,,,,3,용도구역코드,UJB100,하천구역,1,0,,하천구역,20221008
경상남도 양산시 원동면 영포리 653-41번지,48330,32024,0,0653,0041,12646648,,,,1,용도지역코드,0230,계획관리지역,1,0,,계획관리지역,20221008
경상남도 양산시 원동면 영포리 653-43번지,48330,32024,0,0653,0043,1264100119140,,,,1,용도지역코드,UQB300,보전관리지역,1,0,,보전관리지역,20221008
경상남도 양산시 원동면 영포리 653-43번지,48330,32024,0,0653,0043,1264100119140,,,,3,용도구역코드,UMZ100,가축사육제한구역,1,0,,가축사육제한구역,20221008
경상남도 양산시 원동면 영포리 653-43번지,48330,32024,0,0653,0043,1264100111376,,,,1,용도지역코드,UQB300,보전관리지역,1,0,,보전관리지역,20221008
경상남도 양산시 원동면 영포리 653-43번지,48330,32024,0,0653,0043,1264100111376,,,,3,용도구역코드,UMZ100,가축사육제한구역,1,0,,가축사육제한구역,20221008
경상남도 양산시 원동면 영포리 653-47번지,48330,32024,0,0653,0047,1264100027750,,,,1,용도지역코드,UQB300,보전관리지역,1,0,,보전관리지역,20221008
경상남도 양산시 원동면 영포리 653-47번지,48330,32024,0,0653,0047,12649569,,,,1,용도지역코드,0240,관리지역,1,0,,관리지역,20221008
경상남도 양산시 원동면 영포리 653-48번지,48330,32024,0,0653,0048,12648947,,,,1,용도지역코드,0240,관리지역,1,0,,관리지역,20221008
경상남도 양산시 원동면 영포리 653-51번지,48330,32024,0,0653,0051,12649531,,,,1,용도지역코드,UQB300,보전관리지역,1,0,,보전관리지역,20221008
경상남도 양산시 원동면 영포리 653-51번지,48330,32024,0,0653,0051,12649531,,,,3,용도구역코드,UJB100,하천구역,1,0,,하천구역,20221008
경상남도 양산시 원동면 영포리 653-67번지,48330,32024,0,0653,0067,1264100003927,,,,1,용도지역코드,0240,관리지역,1,0,,관리지역,20221008
경상남도 양산시 원동면 영포리 653-67번지,48330,32024,0,0653,0067,1264100131006,,,,1,용도지역코드,UQB300,보전관리지역,1,0,,보전관리지역,20221008
경상남도 양산시 원동면 영포리 662번지,48330,32024,0,0662,0000,1264100005308,,,,1,용도지역코드,0230,계획관리지역,1,0,,계획관리지역,20221008
경상남도 양산시 원동면 영포리 662번지,48330,32024,0,0662,0000,12649551,,,,1,용도지역코드,0230,계획관리지역,1,0,,계획관리지역,20221008
경상남도 양산시 원동면 영포리 667번지,48330,32024,0,0667,0000,1264100011910,,,,1,용도지역코드,0210,보전관리지역,1,0,,보전관리지역,20221008
경상남도 양산시 원동면 영포리 671번지,48330,32024,0,0671,0000,1264100115357,,,,1,용도지역코드,UQB300,보전관리지역,1,0,,보전관리지역,20221008
경상남도 양산시 원동면 영포리 671번지,48330,32024,0,0671,0000,1264100115357,,,,1,용도지역코드,UM2100,공장설립승인지역,0,0,,공장설립승인지역,20221008
경상남도 양산시 원동면 영포리 671번지,48330,32024,0,0671,0000,1264100115357,,,,1,용도지역코드,UMN200,배출시설설치제한지역,0,0,,배출시설설치제한지역,20221008
경상남도 양산시 원동면 영포리 671번지,48330,32024,0,0671,0000,1264100115357,,,,3,용도구역코드,UJB100,하천구역,1,0,,하천구역,20221008
경상남도 양산시 원동면 영포리 674-3번지,48330,32024,0,0674,0003,1264100111896,,,,1,용도지역코드,UQB200,생산관리지역,1,0,,생산관리지역,20221008
경상남도 양산시 원동면 영포리 677-2번지,48330,32024,0,0677,0002,1264100006165,,,,1,용도지역코드,0240,관리지역,1,0,,관리지역,20221008
경상남도 양산시 원동면 영포리 677-4번지,48330,32024,0,0677,0004,12649518,,,,1,용도지역코드,0230,계획관리지역,1,0,,계획관리지역,20221008
경상남도 양산시 원동면 영포리 678번지,48330,32024,0,0678,0000,1264100101175,,,,1,용도지역코드,UQB300,보전관리지역,1,0,,보전관리지역,20221008
경상남도 양산시 원동면 영포리 693번지,48330,32024,0,0693,0000,1264100084022,,,,1,용도지역코드,UQB200,생산관리지역,1,0,,생산관리지역,20221008
경상남도 양산시 원동면 영포리 702-2번지,48330,32024,0,0702,0002,1264100071339,,,,1,용도지역코드,UJB400,홍수관리구역,,,,홍수관리구역,20221008
경상남도 양산시 원동면 영포리 702-2번지,48330,32024,0,0702,0002,1264100071339,,,,1,용도지역코드,UQB200,생산관리지역,1,0,,생산관리지역,20221008
경상남도 양산시 원동면 영포리 702-2번지,48330,32024,0,0702,0002,1264100071339,,,,1,용도지역코드,UMN200,배출시설설치제한지역,0,0,,배출시설설치제한지역,20221008
경상남도 양산시 원동면 영포리 702-2번지,48330,32024,0,0702,0002,1264100071339,,,,1,용도지역코드,UM2100,공장설립승인지역,0,0,,공장설립승인지역,20221008
경상남도 양산시 원동면 영포리 702-2번지,48330,32024,0,0702,0002,1264100146903,,,,1,용도지역코드,UQB200,생산관리지역,1,0,,생산관리지역,20221008
경상남도 양산시 원동면 영포리 702-2번지,48330,32024,0,0702,0002,1264100124239,,,,1,용도지역코드,UQB200,생산관리지역,1,0,,생산관리지역,20221008
경상남도 양산시 원동면 영포리 702-2번지,48330,32024,0,0702,0002,1264100124239,,,,1,용도지역코드,UM2100,공장설립승인지역,0,0,,공장설립승인지역,20221008
경상남도 양산시 원동면 영포리 702-2번지,48330,32024,0,0702,0002,1264100124239,,,,1,용도지역코드,UMN200,배출시설설치제한지역,0,0,,배출시설설치제한지역,20221008
경상남도 양산시 원동면 영포리 702-2번지,48330,32024,0,0702,0002,1264100124239,,,,3,용도구역코드,UMZ100,가축사육제한구역,1,0,,가축사육제한구역,20221008
경상남도 양산시 원동면 영포리 702-2번지,48330,32024,0,0702,0002,1264100009991,,,,1,용도지역코드,0220,생산관리지역,1,0,,생산관리지역,20221008
경상남도 양산시 원동면 영포리 712번지,48330,32024,0,0712,0000,12648407,,,,1,용도지역코드,0230,계획관리지역,1,0,,계획관리지역,20221008
경상남도 양산시 원동면 영포리 712번지,48330,32024,0,0712,0000,1264100087642,,,,1,용도지역코드,UQB200,생산관리지역,1,0,,생산관리지역,20221008
경상남도 양산시 원동면 영포리 712번지,48330,32024,0,0712,0000,1264100087642,,,,1,용도지역코드,UM2100,공장설립승인지역,0,0,,공장설립승인지역,20221008
경상남도 양산시 원동면 영포리 712번지,48330,32024,0,0712,0000,1264100087642,,,,1,용도지역코드,UMN200,배출시설설치제한지역,0,0,,배출시설설치제한지역,20221008
경상남도 양산시 원동면 영포리 713-1번지,48330,32024,0,0713,0001,1000000000000000865419,,,,1,용도지역코드,UQB200,생산관리지역,1,0,,생산관리지역,20260202
경상남도 양산시 원동면 영포리 713-1번지,48330,32024,0,0713,0001,1264100131003,,,,1,용도지역코드,UQB200,생산관리지역,1,0,,생산관리지역,20221008
경상남도 양산시 원동면 영포리 713-1번지,48330,32024,0,0713,0001,1264100077840,,,,1,용도지역코드,UQB200,생산관리지역,1,0,,생산관리지역,20221008
경상남도 양산시 원동면 영포리 713-1번지,48330,32024,0,0713,0001,1264100077840,,,,1,용도지역코드,UM2100,공장설립승인지역,0,0,,공장설립승인지역,20221008
경상남도 양산시 원동면 영포리 713-1번지,48330,32024,0,0713,0001,1264100077840,,,,1,용도지역코드,UMN200,배출시설설치제한지역,0,0,,배출시설설치제한지역,20221008
경상남도 양산시 원동면 영포리 713-1번지,48330,32024,0,0713,0001,1264100004549,,,,1,용도지역코드,0240,관리지역,1,0,,관리지역,20221008
경상남도 양산시 원동면 영포리 733-1번지,48330,32024,0,0733,0001,12649524,,,,1,용도지역코드,0230,계획관리지역,0,0,,계획관리지역,20221008
경상남도 양산시 원동면 영포리 733-1번지,48330,32024,0,0733,0001,12649524,,,,1,용도지역코드,0240,관리지역,1,0,,관리지역,20221008
경상남도 양산시 원동면 영포리 784-1번지,48330,32024,0,0784,0001,12646442,,,,3,용도구역코드,302,제2종지구단위계획구역,1,0,,제2종지구단위계획구역,20221008
경상남도 양산시 원동면 영포리 796-1번지,48330,32024,0,0796,0001,1000000000000000544710,,,,1,용도지역코드,UOC800,역사문화환경보존지역,0,0,,역사문화환경보존지역,20240627
경상남도 양산시 원동면 영포리 796-1번지,48330,32024,0,0796,0001,1000000000000000544710,,,,1,용도지역코드,UM2100,공장설립승인지역,0,0,,공장설립승인지역,20240627
경상남도 양산시 원동면 영포리 796-1번지,48330,32024,0,0796,0001,1000000000000000544710,,,,1,용도지역코드,UMN200,배출시설설치제한지역,0,0,,배출시설설치제한지역,20240627
경상남도 양산시 원동면 영포리 796-1번지,48330,32024,0,0796,0001,1000000000000000544710,,,,3,용도구역코드,UMZ100,가축사육제한구역,1,0,,가축사육제한구역,20240627
경상남도 양산시 원동면 영포리 796-1번지,48330,32024,0,0796,0001,1000000000000000544710,,,,1,용도지역코드,UQB200,생산관리지역,1,0,,생산관리지역,20240627
경상남도 양산시 원동면 영포리 796-2번지,48330,32024,0,0796,0002,1264100013032,,,,1,용도지역코드,0220,생산관리지역,1,0,,생산관리지역,20221008
경상남도 양산시 원동면 영포리 796-11번지,48330,32024,0,0796,0011,1000000000000000497542,,,,1,용도지역코드,UM2100,공장설립승인지역,0,0,,공장설립승인지역,20240423
경상남도 양산시 원동면 영포리 796-11번지,48330,32024,0,0796,0011,1000000000000000497542,,,,3,용도구역코드,UMZ100,가축사육제한구역,1,0,,가축사육제한구역,20240423
경상남도 양산시 원동면 영포리 796-11번지,48330,32024,0,0796,0011,1000000000000000497542,,,,1,용도지역코드,UOC800,역사문화환경보존지역,0,0,,역사문화환경보존지역,20240423
경상남도 양산시 원동면 영포리 796-11번지,48330,32024,0,0796,0011,1000000000000000497542,,,,1,용도지역코드,UQB200,생산관리지역,1,0,,생산관리지역,20240423
경상남도 양산시 원동면 영포리 796-11번지,48330,32024,0,0796,0011,1000000000000000497542,,,,1,용도지역코드,UMN200,배출시설설치제한지역,0,0,,배출시설설치제한지역,20240423
경상남도 양산시 원동면 영포리 802번지,48330,32024,0,0802,0000,1264100126102,,,,1,용도지역코드,UQB200,생산관리지역,1,0,,생산관리지역,20221008
경상남도 양산시 원동면 영포리 802번지,48330,32024,0,0802,0000,1264100126102,,,,1,용도지역코드,UM2100,공장설립승인지역,0,0,,공장설립승인지역,20221008
경상남도 양산시 원동면 영포리 802번지,48330,32024,0,0802,0000,1264100126102,,,,1,용도지역코드,UMN200,배출시설설치제한지역,0,0,,배출시설설치제한지역,20221008
경상남도 양산시 원동면 영포리 804-2번지,48330,32024,0,0804,0002,1264100035012,,,,1,용도지역코드,UQB200,생산관리지역,1,0,,생산관리지역,20221008
경상남도 양산시 원동면 영포리 804-2번지,48330,32024,0,0804,0002,1264100035012,,,,1,용도지역코드,UMN200,배출시설설치제한지역,0,0,,배출시설설치제한지역,20221008
경상남도 양산시 원동면 영포리 806번지,48330,32024,0,0806,0000,12646568,,,,1,용도지역코드,0240,관리지역,1,0,,관리지역,20221008
경상남도 양산시 원동면 영포리 915번지,48330,32024,0,0915,0000,1264100005886,,,,1,용도지역코드,0240,관리지역,1,0,,관리지역,20221008
경상남도 양산시 원동면 영포리 917-2번지,48330,32024,0,0917,0002,1264100077839,,,,1,용도지역코드,UQB200,생산관리지역,1,0,,생산관리지역,20221008
경상남도 양산시 원동면 영포리 917-2번지,48330,32024,0,0917,0002,1264100077839,,,,1,용도지역코드,UM2100,공장설립승인지역,0,0,,공장설립승인지역,20221008
경상남도 양산시 원동면 영포리 917-2번지,48330,32024,0,0917,0002,1264100077839,,,,1,용도지역코드,UMN200,배출시설설치제한지역,0,0,,배출시설설치제한지역,20221008
경상남도 양산시 원동면 영포리 926-1번지,48330,32024,0,0926,0001,1264100074599,,,,1,용도지역코드,UQB200,생산관리지역,1,0,,생산관리지역,20221008
경상남도 양산시 원동면 영포리 926-12번지,48330,32024,0,0926,0012,1264100071480,,,,1,용도지역코드,UQB300,보전관리지역,1,0,,보전관리지역,20221008
경상남도 양산시 원동면 영포리 926-12번지,48330,32024,0,0926,0012,1264100024250,,,,1,용도지역코드,UQB300,보전관리지역,1,0,,보전관리지역,20221008
경상남도 양산시 원동면 영포리 928-1번지,48330,32024,0,0928,0001,1264100107996,,,,1,용도지역코드,UM2100,공장설립승인지역,,,,공장설립승인지역,20221008
경상남도 양산시 원동면 영포리 928-1번지,48330,32024,0,0928,0001,1264100107996,,,,1,용도지역코드,UMN200,배출시설설치제한지역,,,,배출시설설치제한지역,20221008
경상남도 양산시 원동면 영포리 928-1번지,48330,32024,0,0928,0001,1264100107996,,,,1,용도지역코드,UQB200,생산관리지역,1,0,,생산관리지역,20221008
경상남도 양산시 원동면 영포리 930-1번지,48330,32024,0,0930,0001,1000000000000000990939,,,,3,용도구역코드,UJC100,소하천구역,1,0,,소하천구역,20260708
경상남도 양산시 원동면 영포리 930-1번지,48330,32024,0,0930,0001,1000000000000000990939,,,,1,용도지역코드,UQB200,생산관리지역,1,0,,생산관리지역,20260708
경상남도 양산시 원동면 영포리 939번지,48330,32024,0,0939,0000,1000000000000000690528,,,,1,용도지역코드,UQB200,생산관리지역,1,0,,생산관리지역,20250327
경상남도 양산시 원동면 영포리 939-1번지,48330,32024,0,0939,0001,1264100151575,,,,1,용도지역코드,UQB200,생산관리지역,1,0,,생산관리지역,20221020
경상남도 양산시 원동면 영포리 939-1번지,48330,32024,0,0939,0001,1264100150634,,,,1,용도지역코드,UQB200,생산관리지역,1,0,,생산관리지역,20221008
경상남도 양산시 원동면 영포리 939-2번지,48330,32024,0,0939,0002,1264100150635,,,,1,용도지역코드,UQB200,생산관리지역,1,0,,생산관리지역,20221008
경상남도 양산시 원동면 영포리 939-3번지,48330,32024,0,0939,0003,1264100154570,,,,1,용도지역코드,UQB200,생산관리지역,1,0,,생산관리지역,20221008
경상남도 양산시 원동면 영포리 939-3번지,48330,32024,0,0939,0003,1264100154570,,,,1,용도지역코드,UMN200,배출시설설치제한지역,0,0,,배출시설설치제한지역,20221008
경상남도 양산시 원동면 영포리 939-3번지,48330,32024,0,0939,0003,1264100154570,,,,1,용도지역코드,UM2100,공장설립승인지역,0,0,,공장설립승인지역,20221008
경상남도 양산시 원동면 영포리 939-4번지,48330,32024,0,0939,0004,1264100123908,,,,1,용도지역코드,UQB200,생산관리지역,1,0,,생산관리지역,20221118
경상남도 양산시 원동면 영포리 939-9번지,48330,32024,0,0939,0009,1000000000000000463860,,,,1,용도지역코드,UMN200,배출시설설치제한지역,0,0,,배출시설설치제한지역,20240221
경상남도 양산시 원동면 영포리 939-9번지,48330,32024,0,0939,0009,1000000000000000463860,,,,1,용도지역코드,UM2100,공장설립승인지역,0,0,,공장설립승인지역,20240221
경상남도 양산시 원동면 영포리 939-9번지,48330,32024,0,0939,0009,1000000000000000463860,,,,3,용도구역코드,UMZ100,가축사육제한구역,1,0,,가축사육제한구역,20240221
경상남도 양산시 원동면 영포리 939-9번지,48330,32024,0,0939,0009,1000000000000000463860,,,,1,용도지역코드,UQB200,생산관리지역,1,0,,생산관리지역,20240221
경상남도 양산시 원동면 영포리 939-9번지,48330,32024,0,0939,0009,1000000000000000309651,,,,3,용도구역코드,UMZ100,가축사육제한구역,1,0,,가축사육제한구역,20230607
경상남도 양산시 원동면 영포리 939-9번지,48330,32024,0,0939,0009,1000000000000000309651,,,,1,용도지역코드,UQB200,생산관리지역,1,0,,생산관리지역,20230607
경상남도 양산시 원동면 영포리 939-9번지,48330,32024,0,0939,0009,1000000000000000309651,,,,1,용도지역코드,UMN200,배출시설설치제한지역,0,0,,배출시설설치제한지역,20230607
경상남도 양산시 원동면 영포리 939-9번지,48330,32024,0,0939,0009,1000000000000000309651,,,,1,용도지역코드,UM2100,공장설립승인지역,0,0,,공장설립승인지역,20230607
경상남도 양산시 원동면 영포리 939-14번지,48330,32024,0,0939,0014,1264100150636,,,,1,용도지역코드,UQB200,생산관리지역,1,0,,생산관리지역,20221008
경상남도 양산시 원동면 영포리 941-2번지,48330,32024,0,0941,0002,1264100070759,,,,1,용도지역코드,UQB300,보전관리지역,1,0,,보전관리지역,20221008
경상남도 양산시 원동면 영포리 941-6번지,48330,32024,0,0941,0006,1264100136664,,,,1,용도지역코드,UQB200,생산관리지역,1,0,,생산관리지역,20221008
경상남도 양산시 원동면 영포리 952-1번지,48330,32024,0,0952,0001,1264100143803,,,,1,용도지역코드,UMN200,배출시설설치제한지역,0,0,,배출시설설치제한지역,20260421
경상남도 양산시 원동면 영포리 952-1번지,48330,32024,0,0952,0001,1264100143803,,,,1,용도지역코드,UQB300,보전관리지역,1,0,,보전관리지역,20260421
경상남도 양산시 원동면 영포리 952-1번지,48330,32024,0,0952,0001,1264100143803,,,,1,용도지역코드,UM2100,공장설립승인지역,0,0,,공장설립승인지역,20260421
경상남도 양산시 원동면 영포리 952-1번지,48330,32024,0,0952,0001,1000000000000000952984,,,,1,용도지역코드,UQB300,보전관리지역,1,0,,보전관리지역,20260528
경상남도 양산시 원동면 영포리 952-1번지,48330,32024,0,0952,0001,1264100139003,,,,1,용도지역코드,UQB300,보전관리지역,1,0,,보전관리지역,20221008
경상남도 양산시 원동면 영포리 954-4번지,48330,32024,0,0954,0004,1264100126846,,,,1,용도지역코드,UQB200,생산관리지역,1,0,,생산관리지역,20221008
경상남도 양산시 원동면 영포리 954-6번지,48330,32024,0,0954,0006,1000000000000000685357,,,,1,용도지역코드,UQB200,생산관리지역,1,0,,생산관리지역,20250320
경상남도 양산시 원동면 영포리 979-4번지,48330,32024,0,0979,0004,1264100153870,,,,1,용도지역코드,UQB200,생산관리지역,1,0,,생산관리지역,20221008
경상남도 양산시 원동면 영포리 979-4번지,48330,32024,0,0979,0004,1264100153870,,,,1,용도지역코드,UMN200,배출시설설치제한지역,0,0,,배출시설설치제한지역,20221008
경상남도 양산시 원동면 영포리 979-4번지,48330,32024,0,0979,0004,1264100153870,,,,1,용도지역코드,UM2100,공장설립승인지역,0,0,,공장설립승인지역,20221008
경상남도 양산시 원동면 영포리 986-3번지,48330,32024,0,0986,0003,1264100115717,,,,1,용도지역코드,UQB200,생산관리지역,1,0,,생산관리지역,20221008
경상남도 양산시 원동면 영포리 986-3번지,48330,32024,0,0986,0003,1264100115717,,,,1,용도지역코드,UM2100,공장설립승인지역,0,0,,공장설립승인지역,20221008
경상남도 양산시 원동면 영포리 986-3번지,48330,32024,0,0986,0003,1264100115717,,,,1,용도지역코드,UMN200,배출시설설치제한지역,0,0,,배출시설설치제한지역,20221008
경상남도 양산시 원동면 영포리 989-2번지,48330,32024,0,0989,0002,1264100044986,,,,1,용도지역코드,UQB200,생산관리지역,1,0,,생산관리지역,20221008
경상남도 양산시 원동면 영포리 995-1번지,48330,32024,0,0995,0001,1264100112618,,,,1,용도지역코드,UQB200,생산관리지역,1,0,,생산관리지역,20221008
경상남도 양산시 원동면 영포리 995-3번지,48330,32024,0,0995,0003,1264100109836,,,,1,용도지역코드,UQB200,생산관리지역,1,0,,생산관리지역,20221008
경상남도 양산시 원동면 영포리 995-4번지,48330,32024,0,0995,0004,1000000000000000858767,,,,1,용도지역코드,UM2100,공장설립승인지역,0,0,,공장설립승인지역,20260114
경상남도 양산시 원동면 영포리 995-4번지,48330,32024,0,0995,0004,1000000000000000858767,,,,3,용도구역코드,UMZ100,가축사육제한구역,1,0,,가축사육제한구역,20260114
경상남도 양산시 원동면 영포리 995-4번지,48330,32024,0,0995,0004,1000000000000000858767,,,,1,용도지역코드,UMN200,배출시설설치제한지역,0,0,,배출시설설치제한지역,20260114
경상남도 양산시 원동면 영포리 995-4번지,48330,32024,0,0995,0004,1000000000000000858767,,,,1,용도지역코드,UQB200,생산관리지역,1,0,,생산관리지역,20260114
경상남도 양산시 원동면 영포리 995-4번지,48330,32024,0,0995,0004,1264100098915,,,,1,용도지역코드,UQB200,생산관리지역,1,0,,생산관리지역,20221008
경상남도 양산시 원동면 영포리 995-4번지,48330,32024,0,0995,0004,1264100098915,,,,1,용도지역코드,UM2100,공장설립승인지역,0,0,,공장설립승인지역,20221008
경상남도 양산시 원동면 영포리 995-4번지,48330,32024,0,0995,0004,1264100098915,,,,1,용도지역코드,UMN200,배출시설설치제한지역,0,0,,배출시설설치제한지역,20221008
경상남도 양산시 원동면 영포리 995-5번지,48330,32024,0,0995,0005,1264100098916,,,,1,용도지역코드,UQB200,생산관리지역,1,0,,생산관리지역,20221008
경상남도 양산시 원동면 영포리 995-5번지,48330,32024,0,0995,0005,1264100098916,,,,1,용도지역코드,UM2100,공장설립승인지역,0,0,,공장설립승인지역,20221008
경상남도 양산시 원동면 영포리 995-5번지,48330,32024,0,0995,0005,1264100098916,,,,1,용도지역코드,UMN200,배출시설설치제한지역,0,0,,배출시설설치제한지역,20221008
경상남도 양산시 원동면 영포리 995-6번지,48330,32024,0,0995,0006,1264100131943,,,,1,용도지역코드,UQB200,생산관리지역,1,0,,생산관리지역,20221008
경상남도 양산시 원동면 영포리 995-6번지,48330,32024,0,0995,0006,1264100131943,,,,1,용도지역코드,UMZ100,가축사육제한구역,0,0,,가축사육제한구역,20221008
경상남도 양산시 원동면 영포리 995-6번지,48330,32024,0,0995,0006,1264100131943,,,,1,용도지역코드,UM2100,공장설립승인지역,0,0,,공장설립승인지역,20221008
경상남도 양산시 원동면 영포리 995-6번지,48330,32024,0,0995,0006,1264100131943,,,,1,용도지역코드,UMN200,배출시설설치제한지역,0,0,,배출시설설치제한지역,20221008
경상남도 양산시 원동면 영포리 995-7번지,48330,32024,0,0995,0007,1264100097646,,,,1,용도지역코드,UQB200,생산관리지역,1,0,,생산관리지역,20221008
경상남도 양산시 원동면 영포리 995-7번지,48330,32024,0,0995,0007,1264100097646,,,,1,용도지역코드,UM2100,공장설립승인지역,0,0,,공장설립승인지역,20221008
경상남도 양산시 원동면 영포리 995-7번지,48330,32024,0,0995,0007,1264100097646,,,,1,용도지역코드,UMN200,배출시설설치제한지역,0,0,,배출시설설치제한지역,20221008
경상남도 양산시 원동면 영포리 995-9번지,48330,32024,0,0995,0009,1264100102877,,,,1,용도지역코드,UMN200,배출시설설치제한지역,0,0,,배출시설설치제한지역,20221008
경상남도 양산시 원동면 영포리 995-9번지,48330,32024,0,0995,0009,1264100102877,,,,1,용도지역코드,UQB200,생산관리지역,1,0,,생산관리지역,20221008
경상남도 양산시 원동면 영포리 995-9번지,48330,32024,0,0995,0009,1264100102877,,,,1,용도지역코드,UM2100,공장설립승인지역,0,0,,공장설립승인지역,20221008
경상남도 양산시 원동면 영포리 1031-1번지,48330,32024,0,1031,0001,1264100073180,,,,1,용도지역코드,UQB200,생산관리지역,1,0,,생산관리지역,20221008
경상남도 양산시 원동면 영포리 1034-1번지,48330,32024,0,1034,0001,1264100007988,,,,1,용도지역코드,0240,관리지역,1,0,,관리지역,20221008
경상남도 양산시 원동면 영포리 1034-2번지,48330,32024,0,1034,0002,1264100032912,,,,1,용도지역코드,UQB200,생산관리지역,1,0,,생산관리지역,20221008
경상남도 양산시 원동면 영포리 1046번지,48330,32024,0,1046,0000,1264100139665,,,,1,용도지역코드,UQB100,계획관리지역,1,0,,계획관리지역,20221008
경상남도 양산시 원동면 영포리 1046번지,48330,32024,0,1046,0000,1264100139665,,,,1,용도지역코드,UM2100,공장설립승인지역,0,0,,공장설립승인지역,20221008
경상남도 양산시 원동면 영포리 1046번지,48330,32024,0,1046,0000,1264100139665,,,,1,용도지역코드,UMN200,배출시설설치제한지역,0,0,,배출시설설치제한지역,20221008
경상남도 양산시 원동면 영포리 1046번지,48330,32024,0,1046,0000,1264100139665,,,,3,용도구역코드,UMZ100,가축사육제한구역,1,0,,가축사육제한구역,20221008
경상남도 양산시 원동면 영포리 1052번지,48330,32024,0,1052,0000,1264100052289,,,,1,용도지역코드,UQB100,계획관리지역,1,0,,계획관리지역,20221008
경상남도 양산시 원동면 영포리 1054번지,48330,32024,0,1054,0000,1264100152710,,,,1,용도지역코드,UQB100,계획관리지역,1,0,,계획관리지역,20221008
경상남도 양산시 원동면 영포리 1054번지,48330,32024,0,1054,0000,1264100152710,,,,1,용도지역코드,UMN200,배출시설설치제한지역,0,0,,배출시설설치제한지역,20221008
경상남도 양산시 원동면 영포리 1054번지,48330,32024,0,1054,0000,1264100048445,,,,1,용도지역코드,UQB100,계획관리지역,1,0,,계획관리지역,20221008
경상남도 양산시 원동면 영포리 1068-1번지,48330,32024,0,1068,0001,1264100142043,,,,1,용도지역코드,UQB100,계획관리지역,1,0,,계획관리지역,20221008
경상남도 양산시 원동면 영포리 1068-1번지,48330,32024,0,1068,0001,1264100142043,,,,1,용도지역코드,UMN200,배출시설설치제한지역,0,0,,배출시설설치제한지역,20221008
경상남도 양산시 원동면 영포리 1070번지,48330,32024,0,1070,0000,1000000000000000583533,,,,3,용도구역코드,UMZ100,가축사육제한구역,1,0,,가축사육제한구역,20250116
경상남도 양산시 원동면 영포리 1070번지,48330,32024,0,1070,0000,1000000000000000583533,,,,1,용도지역코드,UQB100,계획관리지역,1,0,,계획관리지역,20250116
경상남도 양산시 원동면 영포리 1070번지,48330,32024,0,1070,0000,1000000000000000670641,,,,3,용도구역코드,UMZ100,가축사육제한구역,1,0,,가축사육제한구역,20250508
경상남도 양산시 원동면 영포리 1070번지,48330,32024,0,1070,0000,1000000000000000670641,,,,1,용도지역코드,UQB100,계획관리지역,1,0,,계획관리지역,20250508
경상남도 양산시 원동면 영포리 1071-2번지,48330,32024,0,1071,0002,1000000000000000308891,,,,1,용도지역코드,UQB200,생산관리지역,1,0,,생산관리지역,20230605
경상남도 양산시 원동면 영포리 1071-2번지,48330,32024,0,1071,0002,1000000000000000308891,,,,1,용도지역코드,UMN200,배출시설설치제한지역,0,0,,배출시설설치제한지역,20230605
경상남도 양산시 원동면 영포리 1071-2번지,48330,32024,0,1071,0002,1000000000000000308891,,,,3,용도구역코드,UMZ100,가축사육제한구역,1,0,,가축사육제한구역,20230605
경상남도 양산시 원동면 영포리 1121번지,48330,32024,0,1121,0000,1000000000000000225784,,,,1,용도지역코드,UQB200,생산관리지역,1,0,,생산관리지역,20230413
경상남도 양산시 원동면 영포리 1121번지,48330,32024,0,1121,0000,1000000000000000225784,,,,1,용도지역코드,UMN200,배출시설설치제한지역,0,0,,배출시설설치제한지역,20230413
경상남도 양산시 원동면 영포리 1121번지,48330,32024,0,1121,0000,1264100051453,,,,1,용도지역코드,UQB200,생산관리지역,1,0,,생산관리지역,20221008
경상남도 양산시 원동면 영포리 1147-1번지,48330,32024,0,1147,0001,1264100155831,,,,1,용도지역코드,UQB300,보전관리지역,1,0,,보전관리지역,20221008
경상남도 양산시 원동면 영포리 1147-1번지,48330,32024,0,1147,0001,1264100155831,,,,1,용도지역코드,UQB200,생산관리지역,0,0,,생산관리지역,20221008
경상남도 양산시 원동면 영포리 1147-1번지,48330,32024,0,1147,0001,1264100155831,,,,1,용도지역코드,UMN200,배출시설설치제한지역,0,0,,배출시설설치제한지역,20221008
경상남도 양산시 원동면 영포리 1147-1번지,48330,32024,0,1147,0001,1264100155831,,,,3,용도구역코드,UMZ100,가축사육제한구역,1,0,,가축사육제한구역,20221008
경상남도 양산시 원동면 영포리 1147-1번지,48330,32024,0,1147,0001,1264100155831,,,,3,용도구역코드,UJC100,소하천구역,0,0,,소하천구역,20221008
경상남도 양산시 원동면 영포리 1167-2번지,48330,32024,0,1167,0002,1264100072461,,,,1,용도지역코드,UQB200,생산관리지역,1,0,,생산관리지역,20221008
경상남도 양산시 원동면 영포리 1167-2번지,48330,32024,0,1167,0002,1264100072461,,,,1,용도지역코드,UMN200,배출시설설치제한지역,0,0,,배출시설설치제한지역,20221008
경상남도 양산시 원동면 영포리 1170번지,48330,32024,0,1170,0000,1000000000000000370164,,,,1,용도지역코드,UQB200,생산관리지역,1,0,,생산관리지역,20230911
경상남도 양산시 원동면 영포리 1170번지,48330,32024,0,1170,0000,1000000000000000370164,,,,1,용도지역코드,UMN200,배출시설설치제한지역,0,0,,배출시설설치제한지역,20230911
경상남도 양산시 원동면 영포리 1170번지,48330,32024,0,1170,0000,1000000000000000370164,,,,1,용도지역코드,UMZ100,가축사육제한구역,0,0,,가축사육제한구역,20230911
경상남도 양산시 원동면 영포리 1170번지,48330,32024,0,1170,0000,1264100130185,,,,1,용도지역코드,UQB200,생산관리지역,1,0,,생산관리지역,20221008
경상남도 양산시 원동면 영포리 1170번지,48330,32024,0,1170,0000,1264100130185,,,,3,용도구역코드,UMZ100,가축사육제한구역,1,0,,가축사육제한구역,20221008
경상남도 양산시 원동면 영포리 1172-1번지,48330,32024,0,1172,0001,1264100087965,,,,1,용도지역코드,UQB200,생산관리지역,1,0,,생산관리지역,20221008
경상남도 양산시 원동면 영포리 1172-1번지,48330,32024,0,1172,0001,1264100087965,,,,1,용도지역코드,UMN200,배출시설설치제한지역,0,0,,배출시설설치제한지역,20221008
경상남도 양산시 원동면 영포리 1175번지,48330,32024,0,1175,0000,1000000000000000703524,,,,1,용도지역코드,UQB200,생산관리지역,1,0,,생산관리지역,20250414
경상남도 양산시 원동면 영포리 1175번지,48330,32024,0,1175,0000,1264100125302,,,,1,용도지역코드,UQB200,생산관리지역,1,0,,생산관리지역,20221008
경상남도 양산시 원동면 영포리 1175번지,48330,32024,0,1175,0000,1264100125302,,,,1,용도지역코드,UMN200,배출시설설치제한지역,0,0,,배출시설설치제한지역,20221008
경상남도 양산시 원동면 영포리 1178번지,48330,32024,0,1178,0000,1000000000000000694406,,,,1,용도지역코드,UQB200,생산관리지역,1,0,,생산관리지역,20250402
경상남도 양산시 원동면 영포리 1179-1번지,48330,32024,0,1179,0001,1000000000000000692901,,,,1,용도지역코드,UQB300,보전관리지역,1,0,,보전관리지역,20250331
경상남도 양산시 원동면 영포리 1189-2번지,48330,32024,0,1189,0002,1000000000000000338326,,,,3,용도구역코드,UMZ100,가축사육제한구역,1,0,,가축사육제한구역,20230717
경상남도 양산시 원동면 영포리 1189-2번지,48330,32024,0,1189,0002,1000000000000000338326,,,,1,용도지역코드,UMN200,배출시설설치제한지역,0,0,,배출시설설치제한지역,20230717
경상남도 양산시 원동면 영포리 1189-2번지,48330,32024,0,1189,0002,1000000000000000338326,,,,1,용도지역코드,UQB200,생산관리지역,1,0,,생산관리지역,20230717
경상남도 양산시 원동면 영포리 1219번지,48330,32024,0,1219,0000,1000000000000000073898,,,,3,용도구역코드,UJC100,소하천구역,1,0,,소하천구역,20221214
경상남도 양산시 원동면 영포리 1219번지,48330,32024,0,1219,0000,1000000000000000073898,,,,1,용도지역코드,UQB300,보전관리지역,1,0,,보전관리지역,20221214
경상남도 양산시 원동면 영포리 1219번지,48330,32024,0,1219,0000,1000000000000000073898,,,,1,용도지역코드,UQB200,생산관리지역,0,0,,생산관리지역,20221214
경상남도 양산시 원동면 영포리 1219번지,48330,32024,0,1219,0000,1000000000000000073898,,,,1,용도지역코드,UM2100,공장설립승인지역,0,0,,공장설립승인지역,20221214
경상남도 양산시 원동면 영포리 1219번지,48330,32024,0,1219,0000,1000000000000000073898,,,,1,용도지역코드,UMN200,배출시설설치제한지역,0,0,,배출시설설치제한지역,20221214
경상남도 양산시 원동면 영포리 1219번지,48330,32024,0,1219,0000,1264100017258,,,,1,용도지역코드,0210,보전관리지역,1,0,,보전관리지역,20221008
경상남도 양산시 원동면 영포리 1219번지,48330,32024,0,1219,0000,1264100009509,,,,1,용도지역코드,0240,관리지역,1,0,,관리지역,20221008
경상남도 양산시 원동면 영포리 1219번지,48330,32024,0,1219,0000,12648965,,,,1,용도지역코드,0230,계획관리지역,1,0,,계획관리지역,20221008
경상남도 양산시 원동면 영포리 1225-3번지,48330,32024,0,1225,0003,1264100126661,,,,3,용도구역코드,UMZ100,가축사육제한구역,1,0,,가축사육제한구역,20221008
경상남도 양산시 원동면 영포리 1225-3번지,48330,32024,0,1225,0003,1264100126661,,,,1,용도지역코드,UQB200,생산관리지역,1,0,,생산관리지역,20221008
경상남도 양산시 원동면 영포리 1225-3번지,48330,32024,0,1225,0003,1000000000000000716584,,,,1,용도지역코드,UQB200,생산관리지역,1,0,,생산관리지역,20250501
경상남도 양산시 원동면 영포리 1231번지,48330,32024,0,1231,0000,1000000000000000931932,,,,1,용도지역코드,UQB300,보전관리지역,1,0,,보전관리지역,20260421
경상남도 양산시 원동면 영포리 1231번지,48330,32024,0,1231,0000,1000000000000000645527,,,,1,용도지역코드,UQB200,생산관리지역,0,0,,생산관리지역,20241231
경상남도 양산시 원동면 영포리 1231번지,48330,32024,0,1231,0000,1000000000000000645527,,,,3,용도구역코드,UJC100,소하천구역,1,0,,소하천구역,20241231
경상남도 양산시 원동면 영포리 1231번지,48330,32024,0,1231,0000,1000000000000000645527,,,,3,용도구역코드,UMZ100,가축사육제한구역,0,0,,가축사육제한구역,20241231
경상남도 양산시 원동면 영포리 1231번지,48330,32024,0,1231,0000,1000000000000000645527,,,,1,용도지역코드,UQB300,보전관리지역,1,0,,보전관리지역,20241231
경상남도 양산시 원동면 영포리 1231번지,48330,32024,0,1231,0000,1000000000000000645527,,,,1,용도지역코드,UMN200,배출시설설치제한지역,0,0,,배출시설설치제한지역,20241231
경상남도 양산시 원동면 영포리 1240번지,48330,32024,0,1240,0000,1000000000000000318053,,,,1,용도지역코드,UMN200,배출시설설치제한지역,0,0,,배출시설설치제한지역,20230619
경상남도 양산시 원동면 영포리 1240번지,48330,32024,0,1240,0000,1000000000000000318053,,,,1,용도지역코드,UQB200,생산관리지역,1,0,,생산관리지역,20230619
경상남도 양산시 원동면 영포리 1240번지,48330,32024,0,1240,0000,1000000000000000318053,,,,1,용도지역코드,UM2100,공장설립승인지역,0,0,,공장설립승인지역,20230619
경상남도 양산시 원동면 영포리 1240번지,48330,32024,0,1240,0000,1000000000000000318053,,,,3,용도구역코드,UMZ100,가축사육제한구역,1,0,,가축사육제한구역,20230619
경상남도 양산시 원동면 영포리 1242번지,48330,32024,0,1242,0000,1000000000000000325821,,,,3,용도구역코드,UMZ100,가축사육제한구역,1,0,,가축사육제한구역,20230627
경상남도 양산시 원동면 영포리 1242번지,48330,32024,0,1242,0000,1000000000000000325821,,,,1,용도지역코드,UQB100,계획관리지역,1,0,,계획관리지역,20230627
경상남도 양산시 원동면 영포리 1242번지,48330,32024,0,1242,0000,1000000000000000325821,,,,1,용도지역코드,UMN200,배출시설설치제한지역,0,0,,배출시설설치제한지역,20230627
경상남도 양산시 원동면 영포리 1242번지,48330,32024,0,1242,0000,1000000000000000325821,,,,1,용도지역코드,UM2100,공장설립승인지역,0,0,,공장설립승인지역,20230627
경상남도 양산시 원동면 영포리 1246번지,48330,32024,0,1246,0000,1264100153796,,,,1,용도지역코드,UQB200,생산관리지역,1,0,,생산관리지역,20221008
경상남도 양산시 원동면 영포리 1246번지,48330,32024,0,1246,0000,1264100153796,,,,1,용도지역코드,UMN200,배출시설설치제한지역,0,0,,배출시설설치제한지역,20221008
경상남도 양산시 원동면 영포리 1246번지,48330,32024,0,1246,0000,1264100153796,,,,1,용도지역코드,UM2100,공장설립승인지역,0,0,,공장설립승인지역,20221008
경상남도 양산시 원동면 영포리 1249-2번지,48330,32024,0,1249,0002,1264100022041,,,,1,용도지역코드,UQB200,생산관리지역,1,0,,생산관리지역,20221008
경상남도 양산시 원동면 영포리 1250번지,48330,32024,0,1250,0000,1264100152711,,,,1,용도지역코드,UMN200,배출시설설치제한지역,0,0,,배출시설설치제한지역,20221008
경상남도 양산시 원동면 영포리 1250번지,48330,32024,0,1250,0000,1264100152711,,,,1,용도지역코드,UQB200,생산관리지역,1,0,,생산관리지역,20221008
경상남도 양산시 원동면 영포리 1250번지,48330,32024,0,1250,0000,1264100034452,,,,1,용도지역코드,UQB200,생산관리지역,1,0,,생산관리지역,20221008
경상남도 양산시 원동면 영포리 1269번지,48330,32024,0,1269,0000,1264100098473,,,,1,용도지역코드,UQB200,생산관리지역,1,0,,생산관리지역,20221008
경상남도 양산시 원동면 영포리 1269번지,48330,32024,0,1269,0000,1000000000000000799423,,,,1,용도지역코드,UQB200,생산관리지역,1,0,,생산관리지역,20250908
경상남도 양산시 원동면 영포리 1269번지,48330,32024,0,1269,0000,1000000000000000799423,,,,3,용도구역코드,UMZ100,가축사육제한구역,1,0,,가축사육제한구역,20250908
경상남도 양산시 원동면 영포리 1270번지,48330,32024,0,1270,0000,1264100013152,,,,1,용도지역코드,0220,생산관리지역,1,0,,생산관리지역,20221008
경상남도 양산시 원동면 영포리 1278-1번지,48330,32024,0,1278,0001,1264100051251,,,,1,용도지역코드,UQB200,생산관리지역,1,0,,생산관리지역,20221008
경상남도 양산시 원동면 영포리 1278-1번지,48330,32024,0,1278,0001,1264100051251,,,,1,용도지역코드,UMN200,배출시설설치제한지역,0,0,,배출시설설치제한지역,20221008
경상남도 양산시 원동면 영포리 1278-3번지,48330,32024,0,1278,0003,1264100053168,,,,1,용도지역코드,UQB200,생산관리지역,1,0,,생산관리지역,20221008
경상남도 양산시 원동면 영포리 1303번지,48330,32024,0,1303,0000,1264100137243,,,,1,용도지역코드,UQB100,계획관리지역,1,0,,계획관리지역,20221008
경상남도 양산시 원동면 영포리 1314번지,48330,32024,0,1314,0000,12648387,,,,1,용도지역코드,0220,생산관리지역,1,0,,생산관리지역,20221008
경상남도 양산시 원동면 영포리 1315-2번지,48330,32024,0,1315,0002,1264100008567,,,,1,용도지역코드,0240,관리지역,1,0,,관리지역,20221008
경상남도 양산시 원동면 영포리 1315-2번지,48330,32024,0,1315,0002,1264100073520,,,,1,용도지역코드,UQB100,계획관리지역,1,0,,계획관리지역,20221008
경상남도 양산시 원동면 영포리 1317-2번지,48330,32024,0,1317,0002,1264100027590,,,,1,용도지역코드,UQB100,계획관리지역,1,0,,계획관리지역,20221008
경상남도 양산시 원동면 영포리 1317-2번지,48330,32024,0,1317,0002,1264100027590,,,,1,용도지역코드,UQB200,생산관리지역,0,0,,생산관리지역,20221008
경상남도 양산시 원동면 영포리 1331-1번지,48330,32024,0,1331,0001,1264100128384,,,,1,용도지역코드,UQB200,생산관리지역,1,0,,생산관리지역,20260731
경상남도 양산시 원동면 영포리 1331-1번지,48330,32024,0,1331,0001,1264100128384,,,,1,용도지역코드,UM1100,공장설립제한지역,0,0,,공장설립제한지역,20260731
경상남도 양산시 원동면 영포리 1331-1번지,48330,32024,0,1331,0001,1264100128384,,,,3,용도구역코드,UJC100,소하천구역,0,0,,소하천구역,20260731
경상남도 양산시 원동면 영포리 1331-1번지,48330,32024,0,1331,0001,1264100128384,,,,3,용도구역코드,UMZ100,가축사육제한구역,1,0,,가축사육제한구역,20260731
경상남도 양산시 원동면 영포리 1331-1번지,48330,32024,0,1331,0001,1264100128384,,,,1,용도지역코드,UMN200,배출시설설치제한지역,0,0,,배출시설설치제한지역,20260731
경상남도 양산시 원동면 영포리 1346-5번지,48330,32024,0,1346,0005,1264100101493,,,,1,용도지역코드,UMN200,배출시설설치제한지역,,,,배출시설설치제한지역,20221008
경상남도 양산시 원동면 영포리 1346-5번지,48330,32024,0,1346,0005,1264100101493,,,,1,용도지역코드,UQB200,생산관리지역,1,0,,생산관리지역,20221008
경상남도 양산시 원동면 영포리 1351번지,48330,32024,0,1351,0000,1264100031129,,,,1,용도지역코드,UQB200,생산관리지역,1,0,,생산관리지역,20221008
경상남도 양산시 원동면 영포리 1351-2번지,48330,32024,0,1351,0002,12648449,,,,1,용도지역코드,9900,기타지역,1,0,,기타지역,20221008
경상남도 양산시 원동면 영포리 1351-2번지,48330,32024,0,1351,0002,1264100006845,,,,1,용도지역코드,0240,관리지역,1,0,,관리지역,20221008
경상남도 양산시 원동면 영포리 1351-3번지,48330,32024,0,1351,0003,12648450,,,,1,용도지역코드,0240,관리지역,1,0,,관리지역,20221008
경상남도 양산시 원동면 영포리 1355-3번지,48330,32024,0,1355,0003,1264100108620,,,,1,용도지역코드,UMN200,배출시설설치제한지역,,,,배출시설설치제한지역,20221008
경상남도 양산시 원동면 영포리 1355-3번지,48330,32024,0,1355,0003,1264100108620,,,,1,용도지역코드,UQB200,생산관리지역,1,0,,생산관리지역,20221008
경상남도 양산시 원동면 영포리 1355-4번지,48330,32024,0,1355,0004,1264100107453,,,,1,용도지역코드,UMN200,배출시설설치제한지역,,,,배출시설설치제한지역,20221008
경상남도 양산시 원동면 영포리 1355-4번지,48330,32024,0,1355,0004,1264100107453,,,,1,용도지역코드,UQB200,생산관리지역,1,0,,생산관리지역,20221008
경상남도 양산시 원동면 영포리 1377-3번지,48330,32024,0,1377,0003,12648967,,,,1,용도지역코드,0230,계획관리지역,0,0,,계획관리지역,20221008
경상남도 양산시 원동면 영포리 1377-3번지,48330,32024,0,1377,0003,12648967,,,,1,용도지역코드,0240,관리지역,1,0,,관리지역,20221008
경상남도 양산시 원동면 영포리 1377-5번지,48330,32024,0,1377,0005,1000000000000000902508,,,,1,용도지역코드,UQB200,생산관리지역,1,0,,생산관리지역,20260312
경상남도 양산시 원동면 영포리 1377-5번지,48330,32024,0,1377,0005,1000000000000000902508,,,,3,용도구역코드,UMZ100,가축사육제한구역,1,0,,가축사육제한구역,20260312
경상남도 양산시 원동면 영포리 1377-5번지,48330,32024,0,1377,0005,1000000000000000266175,,,,1,용도지역코드,UQB200,생산관리지역,1,0,,생산관리지역,20230405
경상남도 양산시 원동면 영포리 1377-5번지,48330,32024,0,1377,0005,1000000000000000266175,,,,3,용도구역코드,UMZ100,가축사육제한구역,1,0,,가축사육제한구역,20230405
경상남도 양산시 원동면 영포리 1377-5번지,48330,32024,0,1377,0005,1000000000000000266175,,,,1,용도지역코드,UMN200,배출시설설치제한지역,0,0,,배출시설설치제한지역,20230405
경상남도 양산시 원동면 영포리 1377-11번지,48330,32024,0,1377,0011,1264100003946,,,,1,용도지역코드,0240,관리지역,1,0,,관리지역,20221008
경상남도 양산시 원동면 영포리 1377-11번지,48330,32024,0,1377,0011,12648966,,,,1,용도지역코드,0230,계획관리지역,0,0,,계획관리지역,20221008
경상남도 양산시 원동면 영포리 1377-11번지,48330,32024,0,1377,0011,12648966,,,,1,용도지역코드,0240,관리지역,1,0,,관리지역,20221008
경상남도 양산시 원동면 영포리 1381-1번지,48330,32024,0,1381,0001,1264100021903,,,,1,용도지역코드,UQB200,생산관리지역,1,0,,생산관리지역,20221008
경상남도 양산시 원동면 영포리 1381-1번지,48330,32024,0,1381,0001,1264100021903,,,,1,용도지역코드,UMN200,배출시설설치제한지역,0,0,,배출시설설치제한지역,20221008
경상남도 양산시 원동면 영포리 1381-4번지,48330,32024,0,1381,0004,12648968,,,,1,용도지역코드,0240,관리지역,1,0,,관리지역,20221008
경상남도 양산시 원동면 영포리 1381-4번지,48330,32024,0,1381,0004,12648968,,,,1,용도지역코드,0230,계획관리지역,0,0,,계획관리지역,20221008
경상남도 양산시 원동면 영포리 1395-2번지,48330,32024,0,1395,0002,1264100137886,,,,1,용도지역코드,UQB200,생산관리지역,1,0,,생산관리지역,20221008
경상남도 양산시 원동면 영포리 1447-1번지,48330,32024,0,1447,0001,1264100155572,,,,1,용도지역코드,UQB300,보전관리지역,1,0,,보전관리지역,20221008
경상남도 양산시 원동면 영포리 1447-1번지,48330,32024,0,1447,0001,1264100155572,,,,1,용도지역코드,UMN200,배출시설설치제한지역,0,0,,배출시설설치제한지역,20221008
경상남도 양산시 원동면 영포리 1471-1번지,48330,32024,0,1471,0001,1000000000000000251884,,,,1,용도지역코드,UQB300,보전관리지역,1,0,,보전관리지역,20260202
경상남도 양산시 원동면 영포리 1471-1번지,48330,32024,0,1471,0001,1000000000000000251884,,,,3,용도구역코드,UMZ100,가축사육제한구역,1,0,,가축사육제한구역,20260202
경상남도 양산시 원동면 영포리 1471-1번지,48330,32024,0,1471,0001,1000000000000000251884,,,,1,용도지역코드,UMN200,배출시설설치제한지역,0,0,,배출시설설치제한지역,20260202
경상남도 양산시 원동면 영포리 산14-1번지,48330,32024,1,0014,0001,1264100046885,,,,1,용도지역코드,UQB300,보전관리지역,1,0,,보전관리지역,20221008
경상남도 양산시 원동면 영포리 산21-4번지,48330,32024,1,0021,0004,1264100046226,,,,1,용도지역코드,UQA430,자연녹지지역,1,0,,자연녹지지역,20221008
경상남도 양산시 원동면 영포리 산99-1번지,48330,32024,1,0099,0001,1264100148651,,,,1,용도지역코드,UQB300,보전관리지역,1,0,,보전관리지역,20221008
경상남도 양산시 원동면 영포리 산102번지,48330,32024,1,0102,0000,1264100100374,,,,1,용도지역코드,UQB300,보전관리지역,1,0,,보전관리지역,20221008
경상남도 양산시 원동면 영포리 산102번지,48330,32024,1,0102,0000,1264100100374,,,,1,용도지역코드,UM2100,공장설립승인지역,0,0,,공장설립승인지역,20221008
경상남도 양산시 원동면 영포리 산102번지,48330,32024,1,0102,0000,1264100100374,,,,1,용도지역코드,UMN200,배출시설설치제한지역,0,0,,배출시설설치제한지역,20221008
경상남도 양산시 원동면 영포리 산104-7번지,48330,32024,1,0104,0007,1264100015654,,,,1,용도지역코드,0210,보전관리지역,1,0,,보전관리지역,20221008
경상남도 양산시 원동면 영포리 산104-11번지,48330,32024,1,0104,0011,1264100041302,,,,1,용도지역코드,UMN200,배출시설설치제한지역,,,,배출시설설치제한지역,20221008
경상남도 양산시 원동면 영포리 산104-11번지,48330,32024,1,0104,0011,1264100041302,,,,1,용도지역코드,UQB300,보전관리지역,1,0,,보전관리지역,20221008
경상남도 양산시 원동면 영포리 산104-11번지,48330,32024,1,0104,0011,1264100041302,,,,1,용도지역코드,UQB200,생산관리지역,0,0,,생산관리지역,20221008
경상남도 양산시 원동면 영포리 산116번지,48330,32024,1,0116,0000,1264100016636,,,,1,용도지역코드,0210,보전관리지역,1,0,,보전관리지역,20221008
경상남도 양산시 원동면 영포리 산116번지,48330,32024,1,0116,0000,1264100016636,,,,1,용도지역코드,0300,농림지역,0,0,,농림지역,20221008
경상남도 양산시 원동면 영포리 산119-3번지,48330,32024,1,0119,0003,12648390,,,,1,용도지역코드,UMN200,배출시설설치제한지역,,,,배출시설설치제한지역,20221008
경상남도 양산시 원동면 영포리 산119-3번지,48330,32024,1,0119,0003,12648390,,,,1,용도지역코드,UQB300,보전관리지역,1,0,,보전관리지역,20221008
경상남도 양산시 원동면 영포리 산195-2번지,48330,32024,1,0195,0002,12642315,,,,1,용도지역코드,Z200,준농림지역,1,0,,준농림지역,20221008
경상남도 양산시 원동면 영포리 산195-13번지,48330,32024,1,0195,0013,1264100026256,,,,1,용도지역코드,UQB300,보전관리지역,1,0,,보전관리지역,20221008
경상남도 양산시 원동면 영포리 산195-13번지,48330,32024,1,0195,0013,1264100026256,,,,1,용도지역코드,UQB200,생산관리지역,0,0,,생산관리지역,20221008
경상남도 양산시 원동면 영포리 산195-14번지,48330,32024,1,0195,0014,1264100026050,,,,1,용도지역코드,UQB300,보전관리지역,1,0,,보전관리지역,20221008
경상남도 양산시 원동면 영포리 산195-15번지,48330,32024,1,0195,0015,1000000000000000492936,,,,1,용도지역코드,UM2100,공장설립승인지역,0,0,,공장설립승인지역,20241104
경상남도 양산시 원동면 영포리 산195-15번지,48330,32024,1,0195,0015,1000000000000000492936,,,,1,용도지역코드,UMN200,배출시설설치제한지역,0,0,,배출시설설치제한지역,20241104
경상남도 양산시 원동면 영포리 산195-15번지,48330,32024,1,0195,0015,1000000000000000492936,,,,1,용도지역코드,UQB300,보전관리지역,1,0,,보전관리지역,20241104
경상남도 양산시 원동면 영포리 산195-20번지,48330,32024,1,0195,0020,1264100079359,,,,1,용도지역코드,UQB200,생산관리지역,1,0,,생산관리지역,20221008
경상남도 양산시 원동면 영포리 산207-2번지,48330,32024,1,0207,0002,1264100012171,,,,1,용도지역코드,0300,농림지역,1,0,,농림지역,20221008
경상남도 양산시 원동면 영포리 산214-10번지,48330,32024,1,0214,0010,12648389,,,,1,용도지역코드,0210,보전관리지역,1,0,,보전관리지역,20221008
경상남도 양산시 원동면 영포리 산214-10번지,48330,32024,1,0214,0010,12648389,,,,1,용도지역코드,0300,농림지역,0,0,,농림지역,20221008
경상남도 양산시 원동면 영포리 산224-1번지,48330,32024,1,0224,0001,1264100030999,,,,1,용도지역코드,UQB300,보전관리지역,1,0,,보전관리지역,20221008
경상남도 양산시 원동면 영포리 산224-3번지,48330,32024,1,0224,0003,1264100088844,,,,1,용도지역코드,UQB300,보전관리지역,1,0,,보전관리지역,20221008
경상남도 양산시 원동면 영포리 산224-8번지,48330,32024,1,0224,0008,1264100137303,,,,1,용도지역코드,UQB300,보전관리지역,1,0,,보전관리지역,20221008
